Sequence,Label
DMIYRTDTIKPEGWLKWIRFKKCWKNKNCDASWKGHKIKLIDLVLRWYIN,1
PTQDAWMSWPCRDHYDGTNPRHHTQGHHNQQWFDDEFIFMWPELTSRMHA,1
YPTRDRKDAKYCPQDFVKLEEPCKEFTCPKEHYWQGLPTWHFIGSQAMNR,1
DFGYPVQLGHNMDESIYGGVYSSNPTAIVSMQSELFMDKMPRMEQHQHEF,1
DIGLDNCSVIGTIADNIFYGSDCKDYVNFLRWVADNINLVSLIKTDFPES,1
DMCGHRNFRKFNEPARIEDHYYNQSKCDRINIYIHIQNHKFLNHINVTLC,1
DPNRHPNHKDTVIYEDQKKFWHYFYPRTYTIQHDNIRGPDNGDPWDKKLT,1
YSQQNDCDHDSDDRHQHQFADECARHDWAPYDREGQTVHWWVLVAACSVV,1
VMNMYQAQHAFMEFHRLGFTGSYELLFDLVVEKSNIMAKPPEMYHLNKIK,1
CTVSECPIRIWVQWDRQIQPVRRLMRHLIRQDFRCKETQAGNMFTKWKQE,1
RESSQTDNSRKSQIMRYYMCMKRQDQRGMMQETPSNDKFKDQPSDTPNMY,1
SKYYDMATKMIIHFMSIEAFTLQDDNQKTKMVTMQLERVFAPKAGVSITT,1
RLFKPRGYYCRVRKAFFHPASSPTSLTFPAIQNIIYGFARREYSNDLHWQ,1
IKWPYDRRCRKSCCFIKECNDTDMNEGAYDINIFVKLTLDNITVFKTGLE,1
ETNIALRAFPDTPCYRFGATLFGRAKDDWNYRTQYNLAKQDDMAGGWGAT,1
VDNNTGKGISPRGQEKCPNPGPSKCPNSCSVIPFLWFMGYVILRFYHIYK,1
IGIRWVGGMIGFGEKVTVGLGEVSFAEIFEIDPGLNMDMEMYCDFICECE,1
MNPNEDNWNWSQLKFYNYSESLYSQFFSQYPLYFFFPPTCHIRYTDAARK,1
KSTVLQQVTIQQIMENCDYYTNHPPVEHISVQFDAHDQTGRYYHFPQVDN,1
NRMDWTYDSRGANMVAVYMPHIQSSSATCMINKEGPILSPGQHCIVHTIK,1
NDRYSVRTCAEHEIMNGRNCAVAIQADADSVFCGQQSIYEFHVHDHKTSG,1
ENQDCDGFKKLVQHMTNTIIVAILKKLFDKNNYHIFFYALLLCVFCMREC,1
RDNQYVWHVKRWMALLSMVAWRARWYSRQTVCPEDAENFGKQWKDRIIFP,1
NEGDCPVYATYYGSWDINSLIWYKWSRITRYLYWDFHGRAWKNNSDLDQR,1
ESFSQGPQQGHISWNLVEIEQQIAQVSYHKDSSKQAPRTHHYVAPSHAPA,1
ATGDKLKVQISFDLNIGDYYEVYNLVRDSYMVTVMNRFHYCYLEVQQGKY,1
AFDPRLPGPHQKFRWTPPNQAFDTRCETFLEDFYHGQQVPGNKDIETFHS,1
DGGGACDELPEVIIIENVMQDNHPHEYTHIFQKDKDNNRNKQVKREYNRK,1
NKMTVRIEEEVFIKKKATDYVPWTRVMPRNPIVMDRLWESSEGQNIYTLC,1
DYPYPLIEGGRINDVGNSFDDERQKSRLLVRPLRFHTIRIRSHTAQEKRL,1
PLWWMPIHGIFGKSHWRKLRSLHQYHRRHSIEDKSNCSNQDWLGKLRPFM,1
DYFDNHYYTDKCFENIIVKDYHFMFLHVMECEVFRGGGYKVELFKKIIHV,1
NTDLYYADWIILELSFTTPALPHMHLPKSYAREAWSAPHCGSAAEHEPHV,1
DEHRTQNSCIWWYRNQLYACGCAQATQWFPPARPWSCDGFYCTAQRIVWD,1
PVVVDARQTADAPNHSDQPNIAECATHADVMRARHHEGERLVHVHDYHNR,1
VSYRYDLVNVWFGFNASQGTVNSITEAWDYDDILAFIRGRWQKVDVRVFR,1
QGEGGQPMCGQRGLTDHSQFCEVWPCEYQVGWHNVSDDQKQDQVIPLEYV,1
ERDDGGFYPAMTDEDFSGFLPPPSPLLYGAGNITTTTVSREASYYASAEA,1
WKEAPNFCCYQATPCNESEYVACCVKDTIYQGRCHGTVKGFWPIEMEKFD,1
ENRCVLHYYKDQHVALLVRWYINVVVGDQWRKCWDFQRTSIADMYFRELC,1
KTIRKLRQFAHLFVYYNTNRDRQSAHPWCKKDIPRHPLADYDWVWAFMEW,1
HYLDERRDTFYRGSYENKGVDDVEWGPMGRVRHIAMHHIHQEARWNLGQP,1
KTVQGIYWNDSNIFDEKYKSRHIKMFQSRMGNNGPVRYVGERMFASTNGF,1
AELVIAASDSLQTVTSRETTSTKAMHSRSWSYSWYHTGELYRRTKDYDYL,1
NNIDVFEGLITSHQTYHPPTYWYHSIDALNMHWIYDQCEQHSEHVECYTR,1
IFLYWLNQAVRRNKVEVQQYKLCTYHCLIGFLPKDQRYKRPFKCCLIYYK,1
DNYCVKNCWHANWTWGNGMQRTWRADLDPWMWDIKGTWLWTHDSEVKTGF,1
SMEEEGWKHINSAADAEFKGWEYPILQEELCWMDDSEYCKCTYWERNISR,1
DFDINADSVAWKKPHHSTPDFYVNFGPYETKARPVYSRRPMDDHHKCPDC,1
VPDTKCRMSNDFIALTLHGSSYVGKGWVFAHAQKKQCNARHLLGNEQKLS,1
ISYLRTNADEILAIYRVEPKNMACHFVRAVRAYDMMMPPIFKGQFDHHQN,1
NTRIYKKNGTSNTSILTRCPRCKQKSSAPCHKNARDEYDVTDCAYYQWEL,1
GHEHEKNWDRDGKGKAQQSRELTAIVQLRAMTELQHHAVNEQHYHSGKKV,1
GATCVRERWHSDYDFDEEIIYSAASYYDSSRMHYPGAARSFTIFVRTGTV,1
LGIVMSEEIEKEQRYRFIDPNPICEGTLKQTKSDRNQLMMSHLRCVNCKI,1
EGKRKWWKHPYKCFSSPYYFNGDFLFPPVCFTNDPPEGVGLFIFVRYLKN,1
LTNNKIRKKNGRIQFSKNDIKRRDGGIMMTAKMYHVIEDFTTQAENHNAC,1
FRIWDRSGRFWELDSVDYDAAVWLEVKLMTPPTIKMVTGGGDANKFYNVL,1
GDRWTCHNFQEMDMEFMADFPAEVEVMIVVLDGFIASFATDIEEFEIASS,1
CDPFWIINGLWITIAVTMYAMVRGRTNRCLFEYNPNINYNREFQTTGVNE,1
DGAQHYGEEIKEEFIFIYWTHNDGDYWSLYMKTRVVPPWVDWKYTRGDNI,1
HKKTTPLPLVFTVDPMRRQHNRKNQALFRHQRFPPFVCSTTHCMTMTKKC,1
HPYRWQDKGPKISRVRNADFKTDALQWKVGIDVMSRQNPFFRHEYQEGGM,1
DCHNNNIMMMVGNATIPPSTTLGGFVDLDVLDDLNPLDKNPPTIYVLPKN,1
KKKDPAKKPKEPSRNWRSHWGWPSGITGFFPSTNYSMGKDPSHQYTMEFI,1
SGKSRRYIYIGEGAAISGDDHLALMGGHVFVRDFIEANAPENREHIFDAA,1
QLRHINRMGKVRKVAYKPRGIDATYMWHQNDNWDLVCFTRNEWMENLPRD,1
FCLMFNSLFHALITAMPDCHLFSDARAAPGPLRKNARCTLYRDKDHSAHW,1
ELEKPKSLCDGKQNAESQDPIDQDASHTQAARQPDQAKVHVRPRVQVNKD,1
ETDETTVIYDRFEGGKIDLFRYDTVLYFRVTCPASENCSESACECISEKE,1
KENNRWQCAGQVTKKLRFGNTGALNDKLEWTELKRTSVIELSAIRDRIDC,1
NGWFGGGIVLISPFAPYYRPRRPWRKKCHVDRFDVLEEKIVQKIQKLNGF,1
VFATRQCKYPPGFYKCYTFMTMQPQEVNALLYLRQIARNSKKMMIHPRRQ,1
KWCCGTWMLTLAAIVAWDNEASGSNRKGLGMVFRLNQRTSDCWAKRVSWP,1
PKHCVAPSQDVPTVHTHMGLLYHYDLERAPSGNGSPRLDTIRFGPLSTYI,1
PTCICYFSRPIIENNDKTLINKQRFHKGDLKDDRHGMSEYVMYPRITAIN,1
IVMRTVMWRTRAFKWKPDTKIRWTDINITKAVFCYIDYRSRGMKFLECFE,1
NHSFLSRGIASLLYFNPAKALRNGMRADALVRERKTTNAVRAELVRRSIC,1
EDYPRVWDYSFYADQELAMFKAKALSEQKKINSDSDTKSLTGKVSRKEEC,1
AWQWGFYMQLQDDIFEPMFVISEVIFVLVNIWMTLTGILQSKENFKEIMP,1
DNKKCDHVRKGDMLWAVIGTYLYLNFGTNFWYDLEWVRHSIAPFSFDWID,1
THPVGELPDERHFYCPSYQKCASVYGEVCTNGREQGCTGVTCDGWLKPCG,1
YYRLRFKAEMMYLCVAILGIYILYDNHNKNYKFEYMHISIETLDKRCFET,1
KKRHCSLPGVMPQMEYISNFMTYQPSSYVIMDLLGKMDEYGGVLMISSSQ,1
RRLLNVSQLINATSNENMLVKRAFFPVRARKPKLRFWTFKFFFARPCQDD,1
EFPYVITCRTHDIMQFQAQHHTESDPEMMDNDIHFYQNDSSVTYNYAAPL,1
RFKTIKKQKVISPTRFYYWNVKMRRGYSLDKRDSEAMLMYAEVKKDLLAI,1
WNIGFIKFLNYFDLIELKNWRFLPYEEESLRYRCASRLEIGWTRLWGPVR,1
RCVYKPHYRSQERCRVQVYSLRMIVIAFNFLRNDRFNRERILVNRTIISN,1
NLCSIPFTVNTRSKASTAERSCFHGHRSNITEGYPQMWMRYIVSKPLFSF,1
HRQYHQQKHQAIDKMKHVQATKQSCKVTVNQTEDHQMLCMDGLDFLSIKC,1
DMAMTSNHRPANNGKLWHHADNPEHQHAHNLAEHLGDELSGAEWAQDNVL,1
EWDYVDDFAEYNPSWCETRVREWWKQVWCVHPIIDSNYNKGYMIEHPYSA,1
DRWDVMRDAFNLFDEWKVDAVLGFMRASGAIWVTNTKFRSAANIPNDVLH,1
FCVASPPFPCEIKPGGLLCQKDIYNCENIGPRDLGRCDIVFVPIPCFKGQ,1
CDNDYLKFPFRRCPFGDHDYHRIYCLWVEDALDPFAPFYYWTPLWVYRQT,1
DMMDIVMINDNSFKRIQSTCMVYGYMPARGCKLPRPVNHQFRFVAFFDHA,1
LAQTKLCPQGHLVNPVPEPTHRPVWAQRDPDNGNSGAIYWDWLGPSERKH,1
GHCHTETTYWRTDKDRSETHFGRAQKASLHVTTNSWPHRRQPPYQKNKPK,1
HNLASPGWYPTWFHFMQSQWGTPFIPVY,1
DEAEIEMIMFYNFWVRFFTLWWECCNWGRIGVWKEIERPQYDTHLRFHLT,1
YFIYTLTTKVVRSARGWHLGNRDWQGEHKTIPWRQAPRLGCTISICAQHK,1
QEQDHQGLHNEFMLNQVPKHDCSKSFLDARRAGASAKMDVMIILIYQCLR,1
RNPGAKAWQEYKRGHSHSNPMKPGWYMADAWWGKPRRHFTWAWQAPYGKR,1
IPTIFCKELGRIMTRPERYHFEMRWYYEFSAESPDKAELINVIAHIKVDQ,1
TWVKATTCQMWEERDSYKEKHSGYYSSQSHIICNTLNRRKKVLMDTSIPP,1
NHNTCWIQKQYNCQERYMNNNWQRMFLRGDMNSCQWYNDSTQQQSRRQW,1
MEMVEIKDMFHKRQWWQCTRWVLTIWLAKRMTPLLHAVFWVTLGSCKMNK,1
NNHCWPTPMINAGDLRDNHLLQVRPWSARKAMIEADISPTQWKQRARQLR,1
NSKGNPDTPNIQNNSHVEFNHNNFPSDYDFDAHWNNHNRTDVKDFQYQFG,1
TGMTHWDSFSGFMYDEILFGWRFTKMGDWNTVFCRHDYHEYFYEAIGMHE,1
HCFVMIKTKMHLVLEPADISFHYRNLKDWYGLKFLNPCKASLSPEIFCKS,1
RSNILTYDPNNTFTGMIRICLAILLPWNFAWIRMWGAPRKRHGDEENKMK,1
PWGHCRQYYRNFHILKWEQWFCKRQWGYREYINEVTAPTYPIENVVDTSF,1
DEGNRWIKCIYLKCQYKHIELNKHQSCEMRGWETPITEAAGEEIFVGTYI,1
WLMIMEPPTWITGTPLRFEQVGKEKTKWLIKSLRLHHNEDCEAWERIYRS,1
DNNERGQRHMPKWPWWLKAYSNGNMVCLATPSRAKNDCVIREFIRRMPHS,1
KETIWFSNFNMISYVSSRKPRHRHPCDDFCSHQQEKANQQNHAYSTVSMR,1
ERKEYYRDTHPKGLEIRFYNVISQEQYWNSMFKYRNWNVVDKEWLDMHYF,1
DERYCDWQHRWYSSSCDNAWKWWDYHSNVCTERKIREDWTQQSLYIMTYH,1
CIDDKGHKGVTVIERKLELIESQLFRKGHMTAREWHIEKDDRYGPADFHW,1
CDRHIWGNRCYKLKKKTGYSHTFDYIMDAYSLEQNNHSECKVTVEPMDIY,1
HETRKWPQKDIAQQQDKKPHRKGAHEHGFVMFTSRNVKHKHARDALTSQN,1
EDKQLAEVVERHRNVDAIMDWTMNYPERWHADHAKRMRHKWYTPKLWRPT,1
SRWETRMSETIPMNNAIPEMLGKAKDEKQTYPQICADTYHFCTNDCYCGA,1
KVEYHDDCYNKAMGAEWRKSEKFNHKIWDQYWWTDGYEFHSGSEPKDFYL,1
YHFCTHIDETRPTRTCNTGGKVYQTRKISVYPVATKKNLFAANWRTEILE,1
RKCYLYPTDLFYVTPAEPLRTALAETLQEINRLSSDVFATPRADWENISE,1
LANDTTQMGYLQFFAWGMREEDRWWPRAFMVKHLNHRGSIASKLQGVVGQ,1
AAKLLTTTLPQSLLARAELAGGRLPDWLEFGGSEFQKCDPNYKEWFWGRG,1
KPCFRVTEYGKGRCWDVRCWDCEPSSYKPCDDHPKTFRCIGHKSQDHISL,1
QVMCVCGAYTENLPGGDDESWEWTTCDMMPSTLYMQFSLDSSDILMMGRA,1
ENPETTKPLLLLDISCDVGSKPECWEKPGLQSGDLTINTSLIATYHCSFK,1
NHYLTIKGYWHRLQWMKKGTKVQTSKPCVQDKDYIENMFRYCMKKSSGTF,1
WEERMVWITREYEFWQAAFDRPLAPPMSTTLWVCFVRADFVHDACRPEAM,1
KEAARPWNEEMKRLKMTSIFLVMETSQAERASTICADGPWHFDTWLMYPW,1
NIKMIVTMNMENDINLGGYERDNETGLSCVDKFDDNDSCRMIVEAEMRLE,1
WPSELRSYPSAYGHATEQPWIWGNDYNWDMDHVYNNQDPEYNLHPPQVPE,1
AKCSRYFSEKEIWFPMTISACFCYRNNHLKHYGHQCCRKPRRCTEPSHSG,1
DNDYRWHQANADQQNTQNQMENPMVPSTMDVGMVFMRCPSLRMMPTKKLK,1
NPPYAIDMPACDVHKDEDYFWIWKVEPHKCGDKPRAIHGWWSCVARDKRV,1
PKQYFNIYHRFDRYICRWHRMDYVMVRERVWSLAATGVEVMVKYAMDPTR,1
KNWCKKTNPGLAQWYNSTHQYGIASPTWKRVILLMKQRWGAWGVRMDEDI,1
QCYRHMLKMMPTKQQMVDECMDDKVKMFAKPQQCCIYDYFIEKQIKDIEP,1
EQSRCYIFKTYFYHSIFNTTMRPSYYRRNVSGDTRGLHVNQCLKYQWVHS,1
GEADSISPPNAAAVITGHGMRTMLGMMMARPRHCFVASWTWGRQVYVYRV,1
NKDHYKSFWKTKHHKKNPIWRDNNFIFPYVVAAGFCFVGCTWNSEHWEDP,1
NHDDDYKIWAEKHVFVKKGNWSGAVLNQQCITTAAVMMKGYWQSENQQGQ,1
DHDCVYEYHCRWSSGIPHAVHDIVFYFCDYDAYLHNLKKAAMNMFYRSNE,1
NYCRRYRYYPTIRKSSGGAKNNCTFEINKQARRWGLLDQNVVFIGSFTPK,1
KNQDKDYNFIENCFMFMLICGTVVCIKRMSCCRNCPRASWKFWPANGSI,1
YECDDFFECFHIRDDHCTNPLPTQVELFLEPQGDIDGIRNSQDHCPVFFH,1
ELHPFCNFDSIKILKKKKTRRCMKLCECQILLHDATAAIYGNFQSQSIID,1
DNEEKKLYEQNYCEYRHDGNLEYLTRIDSSRWKAKQHQVSHFFNAYVQAA,1
INKLYECKTEVLELAIQTPDYFPDCGYWVGCQRQIFHSHCKQGFELMNKI,1
VQQRNLTTMDQPGMYIQFHIVRVLHYPVSLSEDSDTEEAPDDWFYVQPCH,1
ACYCTKNWAKLSQIGFNIVGLKSVAKWKYIDTCGRFVLFGPYKVKPDFPV,1
WVCDMSVLFIVDLENATMPPKAKAIRVEFKKKRRTNALDIKDRTVRMQAR,1
SERYCIDHQMGLHETDQPDDWWHPMKVWWYGRILKDANGNAMENGHAAGP,1
DHEWYVVYITNRHKQPACGDYCMEVRRDHVSYPYGCFQWMRGFGLNPHWY,1
NMNSFQPIVDQVTSFTKHVIEKTPPMALTIKMPMPARKRLFTSHWLHTKK,1
ATKEKQSLSFQQTPDELKPLENVPYMDDGKTANLCPLTIGFCTLFMASIA,1
TSTLWQWRIFMGEVITREDIFVQNVMGDCNDFYMPLGMWEPMKDWDRFQK,1
HHQQMERHYIQARIRKSAQIKFYILEPKLVVCHNRVAGYSYISQKWTEPM,1
AAYGAQQDDANSNETDKDRNVTGTVVRFTIMSPIAVECCCSADGVHWHGQ,1
YRPSLKPTGHHGFNRRHERDQLNQCIFSPYYSNETCQYPVLNFGSDFSGY,1
WDYSRFYGDMVNCEGLRCYVHESLHVLMLRDNNQHGCFNPDCFAEMILKG,1
TDVYYDEQVVMDPGEMVVEMHMAVDDSMEFHRNHSMRPTPHSTNPDLPTG,1
WYDFINEVEEGRWEIGSYAYDIEVDMAQIFAVVRIRAKHIPAYNNWQHRE,1
IISLMTRKNRGKNIHFKRIPSGVYFYLSIFSIRISIWNFNVWRWFPVGDK,1
NKWRYYWDEVSCDIESETCKKVRRWWKYDTFFDVEMLRFPEFDNIRVFQL,1
EKTEHPPVVSWTFVYYKRYHDKGRAVIKMNCVAYMGICWCYAIYTVPRIA,1
WYIILWMENVILILKDVSSRYGFKLDFSLICHMARSGRDHVFKIFACKPP,1
KENKDYSEVRYWMYVSCVMMIACMPLAQLKEPTFEWTGTMFDSCMRKFQG,1
RRGSSFRNAKTTRRNVFPPLVRENWEAAYTVDTHAMGRCAQIAVHIMEAP,1
QRGGAESEWHDGSNQRNYDKEMFNGSAGTPKGWQSRWEKDSFTLGHKYV,1
INFTFFEGTSIPQNDDTMRENFCDDEYYDDWFPVEYTYPAIEEDLLRIIP,1
CDEWPTAELCYKTQQQVPSDQCCPIDLDVVSLGILLVFTLFCLTQIWMED,1
KNHCMPTHGEAPETLKAMIQAQRPAMSDSQIQEKMSKMGMVGNGHAQHKF,1
DTAMKVKNIYYLFLSLGAVCGCCHMYHYHDKKKSPWSNLGKSHYKDLPLI,1
KLHPYPCNRDTIQPWHSSIDKMRCNWRTGVPYERLWFDISEMKLKNNWML,1
FWYEDGTVWEEGRDDYDEPREPDQEHATTYLISWVMWNNFCGINQKYKAG,1
HNSMNGGETVVFDRKICCPPKLVDRFVCARSNKNYRTITAACRALGRHWN,1
TPAKTTLNPQKYCKKDSVERARWRYLIPLASILMVICTRGQYQRKGQPWR,1
EGQAVKERTDRKLDNKNQAAFWRAISNSLMDNNYNAFTNFEDANRDGSYR,1
TAGDCCDTKTNETDSCNTGTTPPDDPEIQQTGVKVPVQYLLEVSVDIMVD,1
ADVPCCTNIFDPSRQAFKAKDLGLYCKRPAYNFQDCDPLHDARYENARIW,1
NDLRLYFKQHKLFDPKKQWQTRDWKYDVCKWPQRTIEFFCFSRAPWGFPT,1
WEDLPADGPSFNKNFWRFWWRIVAPLMWAYKFAEFWNEHPYYFLKSRWNK,1
NNETHTIFFSVIITYHLSSICNDVLCDDTLEMYVHMQEKRHPAMYVFNRR,1
ENWRHYTKVRCHWIKNKTRDTRHKIMKFRWTPATYDTHVEPAGYSFGVAL,1
QALHDRHTQRQRTCDMDCHEPFHDDLIDCICAGKAREQRWLITITLSQNH,1
SSSTWIGLFRSKLNFHDDDSEIVMDDNHKFDVNLEEKPCTNRPFHKTIYL,1
REWEAYMFDNIRMSYMIYKLLRWQSIYFRTIRKKTCKEEFWMKFDELKGV,1
APSVSHACMFTHDTVTIRHPNHENYWVTCKNTNAMKKPVHFRIMHSIANI,1
NINTHEERLWKDYDERFFIVLSGDLVIRPEGVHMVGEICKPWAAHCHKFK,1
QNEWGKEHPVTEDSDLIESIEKAECHTFWRPRQDKMLAILILAPMIENDA,1
KKWYGTPSSYVLRMCTVYNYCRQYNIQDVNVTLAKIFGTAGSKRRWFDTG,1
EMARVWVTKVAGFVDRCERASKVSQGIPIEICPMVSKFSWFEMRDMVRVC,1
LAIWLAGRWKSVVTVDVDIGFVPQKNIKYWTERPRDGWRMMDMPRPSVFI,1
LKSYDIRFGQQETPDMIHENSNQQILHGRAVYYIENSPFLREIKYRQRAH,1
DFTRFIYFRKSPPNNCHIVCTEYYEEIREVPAKEYHYKQLGTGVYEWRIQ,1
FPAKEGYPDEHPIFSKAWFTEGCFCHADNWSRTGDFNYVRKRNDFPYVPL,1
HTWIVNPTRHPTKMQPIVAVNHDLGIMEPHKQDEMMHDQSSFFKISANRS,1
PEQDVLRTWVEAGNKACYMGQLGEYYNDIFNVGRWKLKYCRWYEHQWHGQ,1
HDADNKPDIKGSANCHRMLSQHATQFTKPLSATDEKDSSPHAIIMGKWQN,1
RTAWHVSTYSNDDNDDHTLCISSCVKPWIFHFLYQEAQWMYTKRVIHWLD,1
EYDCILMKLFYLVLIATMNNDKFNVKRKERGRSVATVTPRRSKKCATSPR,1
WTAWKPYIPRNKHKRRWRWKKHDKCHTDECFIWLLCFHNSGFELWQGVAD,1
NCCYIKISNWKLPQCTMQGRYPHYMPLLQADIISRPAREFHKDGMLWDNW,1
WQCQHRTKCMPHYYRCNPEDGKESRGVAWMCPWTRQAPKYSLQNSKQKSQ,1
PWDTSDCRPRMIAFCSHQNSITKCRAYKKGEPILKEVIDQKDGGYQGVEW,1
NEVMDHDKMIKRYEQNDYNYWNNDQEWTPQQRRKSISGCKNEEGICETQF,1
SRYKWMFFTLENSHDAIGFPSVNQALQACSKQKWLWFKTDEHNKQMVFSY,1
TEAYQKEKDQEYVGNAYANVKNHEKQLYTAYFFQPNMDHHYSHHLPFIKD,1
IDLFCKMNDRCCHGILGYTWGNFHWKQRYGWRWSFFRSIRGHFWGHRRRQ,1
WDHDYYDCNGHNGANRKLRKAIEGDHKGGSFAYILDAYWWGWGIVYPTSQ,1
FHCMTKWSHWIEKPGDLLHSGESLPNHVNHLIHGIISCKDHNSIDTWSRK,1
PGTPQGTWNPDRMNTYQWLMSCVIMYTSLGPTCSFLRAWIFEFNSQYRWE,1
KRKSSERSKQIHSRFMIDRAMNHLYMVGTEINILHQTVSYNNTGQNYEQE,1
HYWWFWLQKLPVKVIGGKVQNKWTARQASKPTLMRGMKMRQNCFIWPQDP,1
SNTHERREEVIINDCLVQNIIQHLYHKREGLDKKKHIEHHNLINMQQPDY,1
VSFDKNTVIQFASFQKGPLTGNADEGQVELRIKTDRVQDALRLIKLIERG,1
NRMHWADNMRRMNWGQYPHNLKGPQHLPHKINTPPYPSHNPEWPAHLAKQ,1
DKNQSIYRNNWICNSTVFHFKHWKHYGSCDCRKCHPYFLHYGPRSQPEFQ,1
HWRNRFWRDCYTFSKVHFLYRVPRRRHHRFNWMKYSTIRYQIQDMEAIQH,1
KDDFPGGSMPERDIGPELSYQVEEKEVTILFIFLCPGMAFMSNFYELGGS,1
RENENVDIQYQYDREYRFNPDRNWGKWGYGNVFPQFIRGYNMQFVIFPYH,1
DRRRHFENTRPCRKENGPGILNLAISKLGLALCRGPAGAERFNLCATCMF,1
GCIECYMEMCNITYKNNRIYDPRLKDYPKSNKVFNGLCSQVIETKHTKDP,1
TEESSWRPYIGVVYPPFYIIFNGREQKFMECMDCCLKNNFECYQNLQIHK,1
KMRHYRPIGLFLDNEGAIMGGLIGFGARCPVYIDRWNCCSLILEGEPPYQ,1
GATCHGNTGRRLFMMMVVMYPSHFDEQRPQYDEVGPSVDPNSFYMNSQDG,1
NIYRSAMGNPLSNSCKFRANLHWSHCWTMIDSWQFCVPPFECLRGWMYVG,1
NEEYLWPVPISYSFVYCKQNLLYGWAVRPMPEERSKLLEISKLIEVKKRD,1
EVKVRMAKNRQCQRDEIWRQTARRVRETHSGGKTVFPPIGYYLVRAPGQG,1
NENWTCVDRVAELMPARPEQNNNQPVIKQHNGQPDDYKQLLEKSVRHYKR,1
DERQFYNDGLWNIKIPHETWQFHMMPCCYFFGQPCDIITRHDHEGLSFTP,1
FDCCNNTPYIHRDETVSSVVRRLGPARTARLITHYLDEAHDGHFYQIDVT,1
ENYEEGSKGQSHHCIRIEDSDEPAVPRKKQWETNPRPIVPGNEVWHVMMH,1
KNLRHELSINPEMKKYMAKHWWGACTPFVDYSEHEIDMPEASQWRTPDDS,1
SDFETCFFLYCNIPPCLCKLRTGPHIECKPDFIAHKDEFIFYMHSKQECD,1
QWPNQEVWLLWQMHVWVMLPSVQEGIDCLTWMVCVLPWLETTCLADVHQE,1
RDNWYRSCFIHGFWIEPYLTELEIRGKSGPSQFADDMERDGRTSKHGLGC,1
NTTKSPWWILFVVWMCRHRGHVRGFPYKCHRKAEIKTPNYIVWRDTKGDG,1
TWRSAGFWMKAFMMTGTTEIWLATDKMWDNVMEMVETDNKEVMGDFNVML,1
NKNHNRIRRQNVDANKDHVIYSSIQREPRFDYDYHMRFTYNYNQSPSLVL,1
DHWRYKNEHRCTCTIGWEGWAIYPKDTNGQAIAQTTKAIFYTKFLKVIYK,1
TKQLHYYGDSVALMMTPPIKELQDFSEAMMVICGIECTLCILPGFSKGCG,1
QKRLLIVSFGTWPDYSAMGMGGCAREGDDLKNHVYVAESCDMAAGRMARC,1
VGNIIKICDVYLMSIWKKRKGKFIMIDRPELKGPLGWLEKGNKWEKTQDF,1
QRTRKPTESASPGKSVRVFITEQEICQVDTIDIAFVNVVGCSDLNVPLCG,1
EGDGYYLYVGTRNNLSEMMSGIIEVSAEQFGDLMGFGYAEEDSVVSDDEW,1
KTPLDDLAMEKRRSLLTKARPEPYRASGFWNRDSYNQPKNTKYYKPYKSY,1
EEKQFTINAFWITQVCWVSTNLLAMNTIIQQTFWQKVDLSMIHHKWLWPP,1
RPFTSGHLRVCGYNRKNFPQKIATRDVCAWCHYYDQHDIFVWKNFVMYVN,1
ENKDWLSDVIQLLITDCLHKTSDCDELFSSLCFLPLNFHWKRDFSLDMYA,1
REILLRRLIGMEFGLDMKIVRYTIGMWMPPWKEWEKDINQSFQWATDEIL,1
RKMKKNMHFQKRYKGCTLHNSYRRYCFKQDNIWVQKQFSRYYQYMMARMC,1
DEAAIEYKSQRNPQDYDLERYSHPSSKNTWWWFNHYFGPPHLMKYNVVQQ,1
NWYRCYCWTDKYSEHEPCRLAEWFQWKGAMGLEWSAIMIQDFAEEKERNG,1
WIMNGKLQRCWQCGAPLVFAPKTANTRQQNRWRFNHEHKKVILWGNAHWD,1
DNKETAKEEEMMINFLMLSMTMLFVLTSLIPKRVMDKLHLNSSPPPFTSQ,1
YYHTHRTEYYSDDTTFMNSSVNKSNLNKNRNNSGHDHSGGELSDHTSVSK,1
LWYQGWLWFEGERWRNKAHYCICFCMSWYDSCSQNKHWYDDTPAWYDRAT,1
NDRCSYTWIIYDTETSFADTWTRSFRPSAKKITTYVVWRLCSNGGAYWKW,1
HHMANGMIKSERHKRFKGPQHTGAMSNWVPGQIDIDNYENKMADIMQDSG,1
ERRCQAFGRLDDMFFERIWGIYRQPKVWTDQPADAFFPWEEYVEGNRNGL,1
GREKRYVNLEIRLLVMIIKPQVKVKVVRTQHLIKQILVCDHMKVVMLLIN,1
QHYTHPDLCTAHYPHLWNQDCTECFTESHSHPGHTTLIHCKCIGAQYNGG,1
PQCLPCTKKTNYIPIGWTDKQRGFKWRVIVNGMEIVPWSVYEVIHSTNFS,1
CEILIGGTIKWYGWQDYNKVSVCGSKVEHTKWYKWKEHQKYEWYNPYEHQ,1
NEMDMHGFRFFGYKSMPIPTERFLYALKPGFFGLWPIEPFFGDWLDLSKR,1
SDDIGRCREMQPEFDTHMYSHLLDFMLEQANAKNPNPYELWPMQAKQENH,1
KKELYQKLQAAQIKDTEGLFGNRDHNDFLHVSHEKLQFQQMSSTIVKCLQ,1
RRANCDDLDSNVVRRSYVFHGSWKWNYYVAHITNRYARWKCKEHQSYDDH,1
VKEVKEFSAVKQFAAVIPVRWAGKWTNFEFFQVDNEKMVYQHYIDGKLAA,1
DEVVDYWTLYLFIFSVYRTNVWWCNMQLKPKYPSKRRTKLRLHNACLQHA,1
CWGCWWMAMVVNNWDTFKIRHYGMVAIKPGVEEYLWERYVTKWEQWKSDL,1
GFCTRWCRFTVYYCKESNLDFVDGCATETDCYESTDLLQSPSFCSDRDFQ,1
DIYHWMTGRTQGQRIWKSIITKYPIWTQSRGHKEEGRARGPAQHQRAMFE,1
KPLLISNGPYWQKKYAFKPSHVNKTQWLYWDTYRNQKRNDGYTHLKKPWD,1
EPECDLGVRGCTPTWINFSSINVELTEALDDPMTKDVWRRGGWKTITRWC,1
NTKNCNMKRQSVTPCCVSSKNVFIYIRNYIIENTIYCVGSPNEDAVYYEF,1
KEMTVKLHVLVHRVRIRGIWTAMTEQAVPKYPSLDKYPWYKPKAILDTAV,1
PTLKRCPPNPMVKWCNVRFFRPAMQVMNIRCVFDAAAVKPKKKCGQAIQV,1
SDDYGEDNIWADLLNAEKFMEGSASGIAADKMEDRKEVYQHHTNFHSEIE,1
IDWYHHHLVFNWHRPDPRWASSRIFEAWKAQAPCGHPYFMRFFDIEVTVF,1
VDEVPASRMTMQMDAYMNSDYLAAMFNDDDFYGCTNNYEIIAGCQDCMYC,1
ERNHCDGAEKCNASQWWLATFSRNITALIRTGRDWRVVTTCHLHKTENMA,1
GIVTNNVAERTMPEFSILSYCMDRVGPPMTMVHMAFQLGKGWIYHFAQAE,1
FWGDFYFGNDDCHFGKIWRCVAAFTVEFNNRGGKIDVDDEYKKSRGDNY,1
NQQEPDREGDVWPGEPVLWQLVCFANCDLSWKVNHSYSWNKQDSIMHAHK,1
QAVQLEVQVTDTETISEFTEYKRTLKKRKRKIDVILNAQQKVTDIPVFQS,1
GAREVDCESRYWDHCPYYFNNYGCMYRDVLFSFIMRAIICFALYWILRQV,1
GELVGTTLRWHWSQGVKHQSRASCSRMKLWVLVYCDVDEQRNPWEYDCAQ,1
NHSMGSYREMEHRHIYGGYNTLRKIILFSLKINQTKCRTGSQTICQEHFR,1
NKDWGCRPRDWMCHGWGEGTCNDDHPWLFFDGIRVECAIYRPCGTTQYFR,1
DHEQSGVEFSYGMIFRAVRLTKDDFMLAWRHVNIKPMTQSTCKAKCPTTI,1
TERADHPSSRSEEKRYYYHRPTASVDHDPDIPILEDASDDIGGPIILQQP,1
DYTFSNPEWNCACGDRGTFDWANEWRFWKNLRLCWYGRIQDWMDIKGILI,1
YYNYDWHESYEPQVPYHYYWWPGSDENVHASMHNPTSHAGGWEKNEPTEI,1
YIMPTMPCWHWRGDPLWNSAGELGLSAFDITDDIEDLEEQDSTTAINPTF,1
RHWYEDSNDERFDRHDGDAFAHGDFYGQHKCPSKRGWCSGTYPVAFVMLT,1
VITSRIMTTSMSKPFNGLMNYAWPICFVELEPDKQGAYKFRKICLYTPLD,1
GRLCYKHLAHTTSSYPFVTYRGAHFVGDHWYHCHDQQYQHRLWRRDNNDN,1
FSEGSTDECPWSARLRETDQWPWSQLFDGPCHDWWEDMSNRAQSMCGFTF,1
RSHKSESDNRSMSKKHCLYGGDLHVGDIRMMSGGNWIPMTMDSTIWKRHQ,1
TYASISESNGTANQSPLTRASTMNHYMGPEWRIKHHYVEGLPKCNTKLED,1
KEYDPGWPEVCYIFHYDSLGAGYAYRCYENHRGPQCFYASAYERFEMGHR,1
IYFMVNEMQDEHQTWEVNYVHRRQKTWCPANYLMREVKFVLAQKRMQMMF,1
TEGLEKDAGNWSSWCYCFTPLSRVARTPENMKRQKQRWTKRPNGVGTKRW,1
NRTYCSICVSVWGPVIRIEDVSLEVAALISTISLDGMELRGLKFERLLPS,1
KNMHCWRTGKKDSHSPPIKRSKNNSACAMCYFPVWVYREYAFVYTWCVHM,1
RSLTDLRSIAVQCVENSLNDTAIIDMQMEMMNLPQIITKSTFPPRGLNSG,1
HSRGCRTMQTAAKMGSLNWHQCSHIFPHRQKFTYRPKTKCSIKIPPEVYQ,1
DNWRDRYYESRPRHYIGGDFTAVSRLPSLPFNFMSKILEKTLISDRMKE,1
SWPWPVCCWRKYWPWCHCYPFSTIPEGDQCKWSGPKHKEHGKKCTKAMWN,1
PCETWSVNVPGNPTCPTLLESNLQVYIIILETYTYPDFIQNDTVVVNFFM,1
TLQEQKHLKWPWDMTCTRQWTDNPMWWYMNWMATQQDAQWQGDRADTDNA,1
KVMDVAQRTAMLSPSAVNIQTVFSSMKEPDCVMETPACKKGVHVDKQPIP,1
EIAQPVKMGKMYQDRVHAKTDGTHRALYSPEPRWYHWIDKDKWWLIQINS,1
ERGGIESGIYVFGVDFYISPRMDDDSGANFYAGRRSNDDGDNDLWPRPVS,1
TFWQWPVTFYPPPPFWCWVRALKIGFRKVPCKVSRACHRWSTNKENFAIN,1
MPDGEEVFREPEEDYSMEEEGFQELTGYYNPLAKDNTKEEYPCCDAYTSN,1
IMNDLIEKRDYHPWRNSNRHPGWKYWLSKEWKIRNNNFKCFGVPLWTLSE,1
QHSENSNEHNEHSEYRERLLQKGEHRKHEKWITKQLKRTNGDRQGNTTFA,1
FTRKISYCTYVNKPFNKGDDKYPKLPSPHMTADDKDKDVSPLYTKFDFNW,1
QNCTRRQIVTPEVDIIFIMSLPGMCRTCWEYNYSTPMYCCCAISTGNMCP,1
DEEGSDEIVHTGIGDGSESFHFSRDHSSTPGFKDILRPKPATSNESSESG,1
RHCQFLARHPRSLVPWSGNGNYGQDVLDYFIRYSCHVGCKRERELTMISG,1
KWHSNRTWYNQEIYSERNHWFTQQKYTSWDTIKRTDQWEHLNKLRYDVDL,1
EQACHHFNIKNPWWRDSQKLQKNLKGYIDRWFDPNSPYTAYIVISAVKAR,1
DWHWKWSSTGTSRVKAKGKRVESECGERAVASDWSIWNKQVPMVKKKFFA,1
PPKQAEAQRDFQQIMQGFTPQTNIHHRTNIDRRYHFPQKFVKYLCVFPLV,1
VNPVQERAQFPQLQYQRLNKSPNIVTDCHDDPDVTGRDCNIHKYFDTHCA,1
KKNGKSWNHWDTEFEVKGLDKHMTLGAHYMNTRVPRRNFVILKTELGANG,1
TKFCCHRNHYGECDCGHRYFQGRKGPETYPLRKSEKIVLIDTRTIYHSLT,1
NKKGSNIHYNWKLYPNSDYGMVDEDIYVHNEATKMTKVWHCWAAARRRQK,1
DDYYPQQLRQKLNDQGRDRNVDSMTDTDILFSSAFDKSLMMEDNSAVYFV,1
HLQFRSYSAARSHARYLIKSWIQRVIMRLETFWMWPGMVHYDKGMLPEEL,1
IDIIVFNEEVALMTSFIMADSYPMNVELDFPLAMSLCVALVNAGNAQKVQ,1
QDKYSFGPASVLEFARPLTLPPMESNSVDPRKVCAVHSQMITIVMEVTRQ,1
HPKELYIIQAIEGIRLAVVDGRHWFPWEVKSFCAFVAFVIRAGHFAGDKS,1
AVEDTPNDSREMVIPPGICYTCRLDVCYMEYVRRCICQQKQSRLDYGDMF,1
GEEWDYRGDWQNQWLYEDNVYVRVYEAMDWDEGEGDVFGATDIYVKTPCY,1
RENRWAQLTQCQELPIAQDCEPVGIWCKDAMSPVARILMPDQLPRFAWCS,1
HQKTKCWWAAPGSDRRVTVGANQTSKPEIGIETQKIKITCHWDIWGRMMC,1
MRIWMGLCGKISMLVTLFMMKIMWNRFPLFNVRNPDSDNEKFDMQNFMIS,1
HCQEKFTPLAVKSLEINLAQSNSSDWQWTEMRSQGMRYVPIKGHDVSAPQ,1
KPPLVIKIIVPDIGCSINEETFPNSYNSGLEGMCPNSHPQWYAENNNVKT,1
SAKWMKHSNKYRGNKSEHMWFRPNLVLPWNHSIVFTCQRLLYTDKTSWRK,1
EKAATRGKKATLPAVHTRPDHNHLGCPEKVAEHKQRFHAVTLQMIDVMCR,1
KNDWWQYKELHRGDKIETIHQGRRHQDEHLHRFKKGQWHESTYDFDIGQN,1
MRQFWDYISQRYWRYQHNDGPHRKKPKRKRPGFHTGQGWWFKDMMFMAAC,1
LRRDWFDWERGFWIYCLEPMIRLNKDICFWFNGIWFTWQPIDFKGYVHAG,1
NDRNHCEQEELLQEVRDWRVMIGRDWVIGHRWMDAEPDCYHRKKYFWHRS,1
KEWTRCQQCCRSFFDWCHKTCANFMPCTWMRTCTGFSDEVRPVGMFWWFF,1
NRIPLSRFRFIPYYCRSMYRLNYKMDCVRTRYKCMSGYFFNDPEWFEDVE,1
MKKFHQWQFQGLRGRLSACSAIEAGVRRFFSRLHKFIAVDFFQEFPAQME,1
LNLMMKVVSPMKRNMAFPVRNGAKSITLRIETLFIKKMMGVDVCPAIFTS,1
IWNFYYTDICYDYENYIIGILEFITEYILINTVKMKDNSFDDGCKDTGEA,1
PKNLGKEVKPHKFAQNFVGAPGNTKPRWMSMYFMKWFGHISADMNGLKRA,1
DREGEQRYDNGKEIRKFGDTVKRRTQDHHQEWKNTVYGVGGHQNGRGSIT,1
NVTYKWKFPCRGHVNWGRHDTKNRIMGQVFCELAHYVLVYRWEQKYRFSW,1
WCHPDKQKWWACDWFSHCRQRTGSVVAVIAPIGVYSTWYEYSKRWRWVQP,1
SEQYDGTWGIASKDGYSDLTYLTNCYFHPSWISMDGVDHTETMNYCKCHK,1
EGSMYGSSWGLYHSSCDVTIPDPCPGRPVELRRCLGPCVRFITEERNDEL,1
EEVIIFHKVTERSQGRCCVYSTPWKAAEQREWAMGRRWPDHHPHFLHHII,1
NRMWHRRPEYYFDIRHNPEVLCRLCMVTMTVGRCYPSVHVQHVVSIKMNR,1
HDEKTLMVLRINYMAPMYPVLMATQTAFYSGPCACGDGFFYNEAYLLISP,1
VWTPSPFIMDFENEYWLAFQMKDAGYFMWIRSKTYSRPPYQQLTYRYNSN,1
WRRYGEDRDYWGNRKEDGPNNCFIYVPKHGETNGHHPHARHDWHDQEGWN,1
FRMKDVEPPKWEGFRHQMNSTYTSYMKMATYCYDRFWTVMQETTDNGEII,1
KRLRDNTETFHHVMKIQDPYATGFTNMYATYANSPHAFYLHLSEHQSNVV,1
VALLLAATMVLWDQPHEGKDPDAAMHYTAIMEKFPRVMYVSDAKPEHDCD,1
ANHKHDTVGIYDWDPEIAQHSQFYPRKNSVHVAWRPANCDGNITVFDAVA,1
EVPYMKEPCPMETIAYIEDKHMQYIGLHRQEQARQNVQRSPSATRPAANL,1
NLMYVVNWTDTKRYYNPHSRWRIWKKSHTFPSCTFPIKCWFRSDGKPNGK,1
FYTEIFDSPAYLNESEIFVLQQKNRRCPNEKKPRKHFNLDYYPNRKSHPQ,1
CNKNDGGEKCRYFGFTLCSMEKGCGDYCLRTYKDFYISWEFGLRWVRGHR,1
EPVIRTKFVRKTVEIFVLRCKPRRWYGDSHHDPASAQQFVLIGEPAVPIY,1
PTEGAEWHHYEKDTLSITIESNKNKHWWGRTKVWAWDKVYKWVTVKHVDS,1
DNKSNNNENRIQNEPYFPMNWNFPIFWQSIIEGNHKINPDVNNSTGQKNN,1
TSLQSINSLDEQRLCSRRTWMEPETESKHYDYWYCMVCHHSFAEETCRHW,1
DEMAEDASKNLHYTPVFRKIVSILTQAVDSLMRALRRDYSKEMSGGMMMK,1
WRQIFGLSGNWTWAKLSDGYWIVLWEDYKRIRKPDYMLKNAVVFWFDSFS,1
AERARCAAELGWGQKGAEEWRHWYVDRSFCNTPCRGAQLGLFEVAKWWWF,1
NKDNRTINQCRWENICLCGQGPEYETDRWHRWKLIFVWLFLHHMIYGRKM,1
WIDELDLIKSDKIIWLVITPLTIHVKTEMRFLGEMDFFNFEPYVQRCVCY,1
NTRCVYQGDEMQNKYQNDIQHNNVMGNYQQMLHEARPDGRMQEWRMMGIQ,1
NLRPYRWKPINRVFLWMRLLSMWSNHQWEAMTCNRGGLHVADRNVLYEMP,1
NTICYINSAVENMYNNCRLWKRSFCEAYDESMSFYYHYTDHVGYNMICPH,1
PLPGPWRFSRFDYWRNITYDNNHIYNENLNFPPEERRQEFKGEVYQWYQT,1
KVTEQQFEKISLGDKNQRRWWNQSLATESRHESQGQVKYRPRKCEAGHSK,1
DSPMFHESPTSDGICKVFGLCARCLIEKTDPIFQFSQIYRNAKIFRSYIS,1
RKEEVCEKIDKMCNNKVLMISATLCNFVVNYTKALPHQSEGGGTHCGGRW,1
NRKCPCGYRHKCNWTLQNRTVSSSQHTSMLVESPDCKYSNIRAKVEQAGT,1
YRDHNDGEKIMCTAPAKASPDNSAADFNKTYASADGGLNRQVVSGDHRAE,1
RDGKDSYRGGRCVKYFGKGMGDGKGLECLIVWLMMFTGWGAASLAIEWQS,1
HGNCNPKEPGPDCVQMYLALLMVIVTCPVWKLLFSMEMVCLIIIKFLKLA,1
MMTDYNLTKVEPDVPDYSMPGWKAMAQEDIQIMTALIAMQNQQKDRYYPI,1
DYTLKKHICDSLNRESSQHMLRRHHAPLADNCPDVELQQIFCNCYPKELP,1
PDAQMVMKTVALMLPMTHLGYMIKIIPWSTQVKRRLEHSNYFVKQAVARK,1
WYYHDYDENYIIVTFSVMLLLCVMMFWLLKNNWRKRTNNALEHGMGEDNH,1
NYWHNYKKKWKPEERPEFETKNRQRRKWEPNQFDGPFSSGFISTYQEKRF,1
QEIHYFFGETYLVRRFDLRYNQHYTSLSWKILVRWWRRWTLMWRKVASVC,1
NTMVCITSIGNFDITRQVLSKAILALGIIEMAVKSEAWVIYNTTPFIFLI,1
SMTQREDREDYFSNLPQQGRWEERNQDYCHHSITTRAVAQDKCHVHQEAI,1
DHISSRNVYIQTQFVENLCRRNFPKDLLKYSHYFFCFVWLFQNRHVKYDS,1
DETRHSNRFMHGYDDCKRKPLSGILQDVQGDADRMFWESDFRGYMFRSEI,1
PNSCNIPTAKCDFDGKKSYCIIDRSNPPAKCTGYSKMDGPITVVNSYGNF,1
NSCFPCRDKHVGCRGWMKVRELTMVIGPPPFDIPWCGVKTDIGDESGDST,1
NMRYTVGCRAYVRMWKLRGWVIDHTTRNLRLMGIPPEHGLHADRLFSSYS,1
DYYYLEESRVDLFDFRGIYNLPELLRFVEPAIDREYLDVRKFFYIESGAT,1
WYEVTKRGPCLLPCTPLFPRKASIYVADPAKWDGLRFASYQKTVHTRDAL,1
KALWRILAERRILRVIMSAYQQGDFGSYLEVRYDERYNQGGIPGYVGRSA,1
HQGKDWIIFQAEFQKTPVSILRHPKRCTEMCRYIISLMILCDQSKSTLNG,1
SNSGFCDDDEPFYEPLPPAPVFPRFATIFLVLSCVQLPSSSTREELADTE,1
YVWDTDTIWWDEFCTCLNTVKCFREVESEFVVGHWHCMIDCNLVPQDPGH,1
DWEHEQRDTDKDKIQYRYYPTEMVRDHYLYRECGHCKWKWFEPIIEVIWG,1
EKKGQKMEASRWNATTLIMEKFQHCPRCKSVWPGLVREGQTIGHAVQNDR,1
HKYIKMGDTWHYNGNECGVMFGLLMAPFTMILPPKSDTINPI,1
RGRIFAVSKRLCVDITAMPCPAETFLDYKFYITFGRKWVDNKLDPNQPYQ,1
TGLVQRYTKAAVSYNNMKSRFKYWDVIQETSNQDSIWMWNFLLRVVGRGQ,1
MNMRISKYNFHTRDAYKCCNHRRQNVESSPAYNSVSPHLFNTNVERDTKA,1
DHQYRNHEDKKTWIIPWFYQFSWMRRIMFHHGRFEIDYWIGEKCIRLFTE,1
QNYSRPQVETVCGWVQTERYQFACTTEIERDQAPDPTQTAPRTYLCARMN,1
IKRIINVKRFWDYGWYDYPLSGTDCKDIPVGVKCQIVSHVRFPGRGKGQ,1
HKWRCWYKPPNCHLLTLIFMFVAGPQGGRGFGFRHRFHFSLIHDAKQYAE,1
MMGGMMGSTYSSLCKRRTPAVQFIVPTKQVKVCEYVESKNPGLMYTNGTE,1
ELKKRHPADPEKEYYMLLAKVMTKRMTVNAMKGSELFKNGGKFPNWIPQE,1
LKSLCCESWGRGEYAWEERVGTIADLVCRWTTEYEKNARIEMFTERKMHL,1
KVDESFKKLHTTDERHNCEGIIGGHAHQHGYCWNEPREDWQNSVCVDYLA,1
KRSHKKLNWFYHIGFTMTWPKRRPEHWRPLPCGPFFFFPWVDINRAEMCC,1
NHCHYYGWIKCCSHCGWYMKLRCFFIAKRNHCTMRCESLFLDHRSYFMTR,1
DYRRRLHELCVGHQREALDMQLTFVGSLHHDTAHEIENEEMLNQAQLSHD,1
QINNNYYDWDDLDHFNCQNRFCFVTIEYPNEGDTSYDSQHWETECRGNMQ,1
NYHFGDNNKWERNMGSKICKKLLSTIPTMNAQGGHDGRTVAKRTWIWEIF,1
DSNDKWETNASTHDIAVRRYGDGAVYGREVDEHLTYDMWVNALARHKKKK,1
NLPLYGCKCTTGRLHTTDNQTDMRAVVQNSSYASTYKAPLTDGPLNLLTT,1
SALVGYTIYMTDRCWPWWPNDMRRPHFNTREIHDHKFKEDQHPGKIHFLG,1
PRIFYPFPLPWCNQVSYNNAFKKLCGTRNSFKLPCEINKDQRFFDWRDDI,1
PSPHKDYQHLVADMMVETGGRRPEQMQFHSKQSYKENYKYPHQFNKEYPF,1
CNIYRHRCWYFDNWSEDLSTSGVRSSKCRRWWGFETLETINWMDTFLWVE,1
CGDNCESLFVFFCMSTAVAMFAIMPAWATTKLKCYKMRLFNEASAEIKFK,1
SEYGTCASTDILADTINQHARRWREHKSNHRQKNGLFWDLGQMEKLANDQ,1
GGYEEDSCITRHEWNHVAYQTAGAGGDQLHHADPYPHLDPQMMIHGSHDN,1
SQCYPNSGTSVSQNKQWDIPALPHCTTCTPEYNINNKTDIHHVVGKKVKN,1
CVMEKHNSHWFICHSHKNHDLYKPATPNEKLPKLHCQFSSTNELYRLLPN,1
KHNFMVRIFISEYEKIEVEEEDDVIVDETSLYGRRWNCNSCVSEYCTMFL,1
IPMAKWCNLKGDSHTHDIQEGHDFHYFEQFRKEYHNSNNKGRRPDIFPRW,1
KEPNSDTGNHMMTNDTMPTNAQSANNGNAPFTQVKTAATSNGAGLTHGNE,1
LQWPNKMRCWNIGGKKQRCCHKGRSLVRAFNWPGVVHEYQWKAIGEPWHF,1
LWLFAQIEEVSWLIVLPIWPEFLATSLWDKPIFISMVTWLVCELVLWWVK,1
TTKTHERKWVCKQYHREDHSVPTNPKIYVWYILGRGIPFSIQWGIWPEWG,1
PISTQHDFVPMDCCFLGFFCPGFGEQNWETPITPDIAVFPGNNNDDASED,1
WRQNNFPYGDTLNMVVSMEKDFIHYGNYQMNHTIRPIYDYGTIMNRLPFM,1
DYDCDKRGPYINFVNTIKYRDTEWRVRNGHKPMNFVFCAPEFYLRGLIDE,1
TKHQNCNLDRKAKYRYTQGDWHYQTEQMFKFSAEKMGRINGPASQRYSVD,1
HIGAQQSAAQHERDRPTEHNVMGLNRVGRDVGMKQVMVDALHYFQFHRYD,1
AAKVCCSRIWDPYCYNIYDFNLVFARKHWIWNGSGKLKRNPFIGVFNWDE,1
RRGWFMTVIGEVVRVSKSYCEHNHFTKALEKRGPHVKVWHEIIPIPMDFL,1
THPWGRIFHQVMPQIVQLEYNLVPSDFFCTIKLMDSKDDGHREVPHVFDK,1
DKYMKYNRCISSDEWLCHIQKQFDLPRFELGEDVPWWKWCPFRKKFQNAV,1
DPGCNHYLAAFGVRTAAKWSIHPLIVTQKKYSNYYKPYSCVSIVHHPHDN,1
GKKQRFRINIWGPRNNPWALVNWGFWTKVVVPQFEVDRIVQPEARPAARA,1
LATPGTESDQDDLSVWSNNTAKIRFKYRMCDWEDIAQFHTDADPLPLDFS,1
PPTLVGTGPWEQPIPCAFKEALKGINKMRTHIQFCRCRVWSKRFFYEWLE,1
LRGRSHESKTDNYTDHLIKYGAPRSEQNLSKPTSACYKWAFKVVLDGGTI,1
DAFRYANAKCDELDYFWNKRKLKWWTFLGLMQNIEWKNRTGPNVFIGWDH,1
DIERHCGNDFKSAFFKAYVTLQHQSNMIIMSRDEKYDEIRIWRACMFKIQ,1
IYKFCKCWGRWTIWRNCHTIWDRVNGTKKNMTRLTHFLRATSIIMVNNPN,1
NNRTHDDGYFKRDGYYPLSLQYLMKHFGRIVIIDPSMLFGRIFKLEDYFI,1
CRPYCMRKRTHRSFYKNKMGIRTYKMTNAMPSVKYINGATTNLLNYMPDL,1
IRPLMAENYRWSSTDGSFWRSVWVKQFCSPEGACTRTVTMLRSTNTQTDC,1
DFFEVVFEIPMIDPIVFESMYVGCNYRDNLCTSREWVDQDFYYIKENSRK,1
ERSFMKPHWFDRSVALWYRAPASLVLQAKCADSAAMIKPNWARECWEARR,1
DTNHHYDPEPNAAQRGRWHRDSRRGAVWTEYMCVEVALSLICLPWQLCCS,1
NMRGWDTNYSTFQANYPERVLPSENGFVHAEYPSRTLFKTEILPYSARSK,1
HDDRYCDCGDGDDDWGYSFTEDCFPEDCCGLQFTEGTWQVFYLISCMCCE,1
TATSSGERECDEQGSDRSAAGSARQGGEKLFSSFWERSQKTRPLRNISHY,1
YHKMKQMEHKVQLGCHNTIGDFSFHHMPPRIQCKQHTFVPAMQAEMRHDF,1
ILVSKRIVANIAMWNDQHCYLRARCKKSPIGTFIRWAGDKKKRTNILEEC,1
YHNCNYYDWTKYDEYDDTEWMRFGRGFKYVLEHKKVLGSVFLPIILWFNW,1
AFGYYEDSGRSALRWMQVVNWAKSNKRKTSESKQLSGPKTIIRELGLGWQ,1
TGGVAIDLGMLAMRKWKHHERNSGFALGNHQEHKKPLITGQIKDEDFSDS,1
GKGHTSSSNKMTKGHNKAGLPEQQRWPKVKGHFCVDASNKVPMVYPIRKR,1
PEFGRWCCEKWAQSKNDFIIDKWPRKFLFFCIGRLAYRAMWVEIIPNDFH,1
QRTVEDINKEGIGTFGILQEIMKKAGMVPPCDNNSSLKIVLDYDPSAEAI,1
IFNITAFFIPPQELEKTMGRLRHTKIKRTQYPRHGDTIIGVPRPGGRWWV,1
WWKFVRFNRWCWRKCYNYWKESNIHWLTQQNGFRHLCTRDRPVQLEPYVP,1
EVALATFTPTWMDEYICSWHPHCPGDHRGRGKNSRELYFRKHAWTKPWDD,1
KKNIHFNCHLIRFFFPQCWGKDCLQYWRIWLACWPEIVGGPNSQLYDRHK,1
EVMTWADKNNSTCEEIGDSSESGRAIFIFDCTNPSKDMPQWDCWPNDDQA,1
GANGWWKWQHTHTVARTWAKNKAKPMFHLLADYTTKCDQGITNDFALMRA,1
RSETLFKDPGPIFGEARTILSQTYYRIHSNHIYQQDRYSSLLEQRRDKLR,1
NTEAMNDCGKVAQNTNGLSRRNRGWSDHVGLPHEMWGHKWKASWRDAWFR,1
KETPSTWENPAKIQVTDTPGAVTVRFYAPFSRMVLDVAFTQLVNFKKECC,1
ILQADIDGNFRCNCKDDTSDNPCIRRFDPNGCECDSSYNSDKSAFDDLPR,1
NSLSIYSAIPNQHCRERFLVAQLSNDLVNFKLRKKQEMIEFEQWAADATN,1
NNNLTFIEHCIGCVCVFVPFVIWKIIKKQWYYPPPGWQQGRMAQAQEATE,1
ENSTEGAAITVGEDQDKHCEQVGIQTMIRALKTAEHHYPYGMHTGSSINL,1
DNQMMMIVIEELCFEDMCYVNTTHAGFAGVRESRENKYNQLPCPAQEHIL,1
GHGRWKVRTNPEREWPMNFYPRDMYAQMSFGQTNYSSAMTRFEQYSPNVK,1
NGYVNAHKLPTERCRIILHNDPFRDKDVPSCHGYEAWMTVYRQFHNMDKV,1
KSWIEKLWIRKLCISFFWDRDFWSITRIGQWCRDWLHWDWIDSVEDWNCR,1
DYCRKCYKKTGKWHYWYHMRRSVDVYWSIRFVPGFPTVNWMSIRTWFKEQ,1
CNNGKKLAAPKPILVQQFAEVKPVFVVPTLMPGALSEPEKKLGVMEGSFA,1
SCWDLPCVDNNSSYWQDKFQCFIMETLDKIATDELEEFSLDFVFNAPEVR,1
YYYCDHSHNYRCCHHSRNNCCGRCYRRPNKMEMWEDEWMNHEHCHSRTTT,1
SMPTQFRMGTYVWEPIRVMVCRSTGANPAWMTQYCNDYCHTPIQRVQWSF,1
TAMELFAMGAIETLMADDITMMDNSEVKVDIVPETNYGDCEALPKKGDNW,1
YNETWCTAIFDNCIWRPPLSVPPRYVYEYRYYCENWLIISFEWLYVNQTL,1
IIIMFTSMNDRNEYMTPQGEGEKKEHHGHGCTDGCTGSCSGGCGAAQDVI,1
RPHGWVITEEYLPLARRFCPTCEQIDPKDQEGMPPLLKEAAPQRPFWSQI,1
LHYLREWGKLFHQIGYWKSGNRDIFDEFQPQDAMRVPGISQTMNETWKDL,1
GKTYDTHRTEHRIQRTFSNWHHRTKNMCFLVRAAVVATKTAQWASVSQNE,1
WRFYSSMCSWNPQKFCKWPSNCCECDKFQDSEIYTEILFCPCRDYYYDVS,1
NRMPYEHQRKSFKQNGMCKCDYLLHKHTLPGDNPLRFKRAVDVEGNLLQE,1
HGPWRWNRESWYESVWVGRVVFFDFIMMFEMKMNSILNEGRESLQKGMTF,1
KNNKIQGSYPPIRTCDSFHGFQKRQYTLTIMQMFQNIRCKMEVCFKVNYL,1
GHNQFLSTVEAPHCCNHHPWCFEDEWDDNNIKDKGHGQYKPWDTAWQWAL,1
DETPRGEDTCKWIVTCFNGRKHYDIIGCQGYCVCDRKHSWPCNDAVLSGC,1
HRWYRDKNQRKRRRHFIKWMRWVTKRYFVPMTKMCCRKNEINKKVTCKWL,1
QWQEQWEDWVFFFQPRETRIHVSFWTTEENQRMRQCIGRVMYQVSSYQMN,1
MCCNYVMWGYGNRWQIVCKTDFNGVQWLDHYVCLHKWDKLQCDWRRPPMP,1
TKTDAWPIIDVCAEINSWMQHWNHKKDSKRYNHSKTQFPKERTQFDDYIS,1
ALSECAFTGPTRCDEVAIKIPQPNLIQDFALQDYEVHGQMGMVKRDPGWW,1
LNFYERPLPFVRCSAYDHMADTIVVLEMDAFRQGGYKVDPSEGYEEEEPV,1
DGNISSEMSNSMSRTNPGLQMSLSGSVALGAAEMYIHTDPTANEYDQWRR,1
IIMFWWCNKKCWYNSKKGLLTKDQAVIDISSPLRCYWAAVICENVTKLNP,1
EDQNEPKELTRRKGEKKSQAVTANHDGTEGKGRSDKNQTTDYFVDGTAVL,1
WFLFKLFKLINVWWRHTILYNRMMKKGNRSNWSYGVKHHPFECYPNWVYD,1
DINFANEQTRPRRRFMVPPPLCPETNNGWPCCNQSAAIQQTEQRQCNTGN,1
IITNLNELNKQDQIPIRSVILVYMNWRQFGIRFGPWNPGYKDRPGQYQHR,1
NPCLPYHRRGRTIYSHNKPRSHKPIKLMHWNPIWGWKDNCRFQFHMIEAV,1
FKNRKYHKSETKLRPDILELVIDDCSYKSANEYWGHPDWDRPKDNNQYES,1
GKRKQRENREEPLSSKKQKRYCVNYNMIFLDPLLTASQPPDHNINNHSNY,1
GCCGYPSDEHSFYHNRQNWKHKKYNHSWWNSGLLALVLAVIKTNKLRRKT,1
FIYMRYCVMKYGKMFHGVMFNCCMSKGFCKSIARKHWRGKNGETGVIYGE,1
QLSYIMTWRWAHPSIIKMWPKERKIQHGIATSFHSSDTKQYFKVRGSWNF,1
GMEEGRGNSPADAGVTARNNAFCVKKHVYHKDHCHRWHHQSIDFLWCNAR,1
RNNNQKDWAPHLTHNLKEPYSCGMEIPYKFDDHQLKKVHYQLLGCPGRRK,1
FNSFEQREGHRLPEAQWAEGHRSWRSGLACQPWHGLGSDCATADQHHEPF,1
ATIEAVLHRRHFRGTEREELLPHQNEKWLHNQNKHWLHTGMLHENAPVFQ,1
AMVWTVWLDWVCNFNCVSLIRFSDTLDEGRDHTRDFWDFDYLGRDVRRRL,1
PSPMWIFGSEPYTFYQPNVQQTVMVPENIININSEYYTQIYVQPIISAQD,1
WILAMTDPRCCVDAMTYCSGWKPDFNLRKGKTRFTDKQQLEEQTARNDWD,1
SNDEWSDLNGTADPPRKHSDEDMYAGLMRLQTQKVDGSDGNTKDDNKTCS,1
DHTHPDHVWYCPEGNPKTLWERRWWFCAILATGHRRNINEQKCNWIKGIS,1
ITGKNRPYLKTWHYRDCFELELVVRNIPQRVEFKVYAVPLPKFYGRGKGL,1
EKRYTKRPAYCLKMKMGCCTCSMKRVMIKDRQNTFNFLAHYPLQIEHLAD,1
KYCNINMDFFPRIMMWTIFWCPCRFHREVYQRDEMVTYTYQCQHCIKDQN,1
TRRPYWSDRPICFYRHGYWEDRFFIHYFRQNCFWSENTRPVGGPYRLRWL,1
DEEGWRTFNWWVIDWEKDMFYYLPAIWKIWSYRGWQMLMMAKRHGFDLDN,1
HPSWRYQHYPMQTTMQMRHFWFDCVHGNNSYAGDKRIAIMKEETQRVQGA,1
YRGMFRTTPYPHPLGVPFFWSPYIRDIMRHAGKRSKTYRIICNVADRRPG,1
IGEVVMVVKKIKKINLHWCECWWIFVSNGKNKGRYHSSNEEQYRYIVYVD,1
AMESWKVALKKRSKDLSLCQLKKFYGGRTCENGEAHLVCLLQTYKYCKQP,1
AAEPRMIPSQTCRLRKILSPSPSRTMITMRLYMPLCGDVEPYAIAIFPWD,1
DRGLEHWTCSIADMEWANSGRFVKPKTMDAKYNTGVIFIRWHKHYRSNPK,1
SDDNNDISKLWRPAPKKTGRSDYKIIRADGAPVPVSYNSGWRSWRWGKLY,1
AVEDMPVFTFPYISQPCTDIAKNMDQSTQATMEAMLKDGFTVGMESDDFG,1
PLGFLVNDTIALQIIFLIEFSRNLNLLILGYIYDREDDPQTISFAPVEMM,1
WNQVRWMFTHWFCYRSHWMWGWMDRKHKRYKKDWHYGFHGEWFPHNRVSI,1
QLHQEGYHNELDKGFIGEKFDDVDHKKNGDRFYTHFVHSIDTSLDLPYGE,1
SHTMVEQHRPCGLLDRFQYMAPCGVNMEFVGMYEIGDTPHASPRMDQACE,1
PISVGITNPKSTCHLHCKDKECTTYRKVMKGHDKMAGTYKGKQCKWFDCT,1
IFDGHNDWAIGKHEPLHNNDRTKIHRREMWDFVWLPQSHILHQMQSWCHL,1
QCVYWDIINIYLMNKICFCHVGDIMKWKEGLLFPMPDMGLQFMLQEKMLK,1
TYSCSMPDNYLRNDDKKHLCYKCTVMMEENTGDYPRNDHEYHPEIGMMAE,1
DNQQRGQKTECPPWMCRHKKPTRYPSRHNWKHWGSGRKSGCPIKWSCAHG,1
QIRCKEEKRMRMESQDCPWHVLQFPQEQREINVRYANRMVSITMDFKGEE,1
GLMELIRTHNKWHFSLFVEDDKIDFRYYPAKYWTHNCGTGCIRYYKILLV,1
WNMNVDYFKCDYLNFHFYDILHERFPEWAFIRCSVGKWGVIKHPFEWEAS,1
RDFDKAKRCWWDDYCSRPIENSSLGSAKAWVAWNLNKMNQMKKSQQANAI,1
TPAEGMIGPIMDFNVDAGDTASMALYTTSDGFYWYNIDEAGHWEDFYYEI,1
EQSSHCVQAACPMNKIIISLRDPQQVCMQGSREYCCQNKFDDWTYQETRF,1
DRFPLREIYSLILMKSHSDWMHVDQMTAGNWMWDGPHHEDYMDISKLCRE,1
AVAPRHSEQGWDCKGHAREYVLHETPLRNEIAAKGECSWYLKHDTRPLWH,1
YESDNRQCSWTSAHHRYCKKKHHHKGIFVNFSVKYVYPAVAEKKFCRSHD,1
CIECCEVDNTLSYSNAINGNSGIAPSTASFYNKYNYNILNLALRIVDPVR,1
NWRYKFPRTCFQRAVSALGWRKHQIHHEWRLVIPKMDLFKWWGMSIQKWK,1
DFNNHEVCKKILWIQHRFLDDYDHMQTKRNCRYCFWFMFYLDEPTEVHIQ,1
KRITSKMFKYKMRDTTRFWQCYGKKTITGGDLYMNTASADRYPGVHQNNE,1
RIWEMVRMLGSWFCCKKLKGFPRTTFKKTVNPKTEFLPKNEPKSLQEKVP,1
EDTAGQKVEWQTDICFDSQFPHDTEDYDGMFIDALDEEMIEFSMRNPHFI,1
MDCYDGTSICRGDSLDGIDCGYENFGINEVNETSWCCHRRPNNRTGAFAW,1
HHKPKKKFMGLVLPYFIDFDFPEIWENKVLFFQWPEITKEYEKMNSKSRD,1
NYTQWKKTEKEEVAASEWATGWETVTQLFYMTFLLYIYTYFNWSMWMRQD,1
NRSGIRCERIEFQPLNNGVASTAVSSSASAILEEMYRMTQIKKYCKYLEK,1
WMFNNKIRKHFKELIYTGYRESGKVFVPVGTWEFEREGQVPGHVPDRIQS,1
RIEYVDWPRGRQVPPVYPIEFVKILKSNATDKMGQRGSTWNPLIHVMERK,1
GLLIAWFVGYAVCKDDWNEDWVHTREQWGNPRHVSRGWRHEWQWCTSRKW,1
KLKEEDNTVAIVLFIAFVCRIMFYWKYRYKKGDEAAPDAYKMLCRLQACL,1
CFTGCWILAETKRYSQSGGDNIMVGWTVRDLKRIRSVLKEREFQHCYGNP,1
DNKRHEASEYEKFSMMKGLTIDVGNRGYHVCNHKDGGCVDHQCFYEPVMC,1
MRYMNGIEYESVQCWRWYVHRKGQWIKWKGIRYTLQEACPTDETCQVVIH,1
WSCSLMRCRKQIWRAIHIGNHFIITELFSLKHAQRTSFQGVDKLDYEAAN,1
DYWGDDDGFCNIDYETSNLYLALKITEEVLVLVPKDTYLDVILNRPNLAS,1
NFNPIYHNQWNPKLINKGHGSWFLKPSDSWHGEDIPYYEVQHKMRWDIKG,1
FKCPPYIPTYKSSNKYQTCKSRYQLIKKWQPPWFGWDIYVAKQVWMAAIQ,1
DTPSICYIKNGNIRVVECEEGCMIPPGVFQEYDGMITQVCQDVIVLTALL,1
SLETEMSSIENHRWKNTLKEVTRERCCSHVSESPNTQYYKVVSCQDDAPY,1
ISYGFIAEDFTSAMCLPDDNFSDETWKANCVYFPTCEKFWWLQTRTVCGT,1
ANSIPNKKFSFWHNFEYKFWWKYVTDGTDYWRYSFRWTGRWTCNGWVRSW,1
PSICLIKPFTNNFRQIYKRKPIKCLWNNSIFWTTMTDRCEIPAIPNTRRQ,1
KLLGDSRQWCQNPGVLVPARTFIHIEVEILCRVGGMIDQKAVCFPKTLEC,1
LDEIARDPKNEVQLMANKRCRNRKPSKMFNDKYSGAFRHKHCRGMIAQDD,1
DRVDSILCIEAADTEPKTSRTCWGRYKALRKLLKAFIKGAALFLRPAEQD,1
DNTHNCYMYTHVRTKIDRIRDSIFCSMRDVGYTAPRYRPLGYPILWFKSI,1
ENKCNFVYYIICVFFFWFVFWTTNHKNLEYVCFNLNHDHKDLYTDKGFLE,1
KRRILGALWQAITIMERAWVEILSPEPSKRRWCWTRCPCQTREKTDGAHH,1
KHRYTNDAHSTCYGLAATGTKTIHIPIWEWDSLEFDSTKQVDKRCWLVKQ,1
DPDPILCSRSALDDGDTGTVWMCEYLQKNYWSKKGWEDFNTMQSWALRTG,1
QEREVTGVCNRYTNIFFDCMVTDMTSDITLCNTNNNDFFNATIAQLINTA,1
QYPHYSHLKRKCWLQFQERKWIYCQMCLKQVKKWDAKKFLGKGWCGLMFR,1
NKEFEWDWERHYKRNHFEFCFDCHGHKWVGTAYTPNQARHCALAGMWCDE,1
FHMMQIIKLTVYLLSCLCRCNDWNSEVMRYTMQRMKKSAFWRDPMVMSCF,1
TKHRRETLLIKNVMQLRTRGHYLCLVLHLNYEIYQNHPYNVSFYPITHES,1
MVDVKVVSEFGPPIKRYTETMNKLHMNDIFQRTHIDNLMQKALMETLFNL,1
AWNSATPRKQHGTAEDDYWWGARSHEGYCGDFAVPHNWRCRWKRYYKASN,1
KCTVNNYWLKMYCFYDDVGWEATKNGFIEKKSEDQLTADNKYQQITRVT,1
DWTTAESMSTERNATPSRHLHRKGRCTNELLSHDILLNFLDGAQEMQVQ,1
RWLEADTWRNHDNYKYLGHRNKVGYSDHTMLRDYGGTERHPRKENDLTF,1
AGYYATPTPIEDNIYAVNNNITVYKDSGENSESKNQQHWERCALNVRKM,1
TLGAAYGDMAETQSPQRFGFPEDRGKKDEKEQDLYANMGYYQALSGGEG,1
MFDEKKYCMMMKNRHFGVRGRPRRRTAAVPPVLLSSEEIGWGASAVHVG,1
EVLRLNWQQHRDLNAFWKCWCHRPNFSVWLNTWVLTQILITQQFKDNWY,1
MPERDKGIHPGYSHAKQDDNGVWNWRAPTVQILHQAFFKLMRGDQATVL,1
LNGDVTDEAIFKYVLQQSLQRSGEIQCSDLFSRHISHTKHTASQCVVLT,1
WEIRTRHWSRSWFYSHTWVQPTLSRHSRWKKPSQTDHNPVSGTVLARPM,1
KEWYKKHYLTTGNLTHDERNLWMNMMWLTEIIEKNENRCDIWEIGDCMV,1
