Sequence,hemo,sol,nf
DMIYRTDTIKPEGWLKWIRFKKCWKNKNCDASWKGHKIKLIDLVLRWYIN,0,1,0
PTQDAWMSWPCRDHYDGTNPRHHTQGHHNQQWFDDEFIFMWPELTSRMHA,0,1,0
YPTRDRKDAKYCPQDFVKLEEPCKEFTCPKEHYWQGLPTWHFIGSQAMNR,0,1,0
DFGYPVQLGHNMDESIYGGVYSSNPTAIVSMQSELFMDKMPRMEQHQHEF,0,1,0
DIGLDNCSVIGTIADNIFYGSDCKDYVNFLRWVADNINLVSLIKTDFPES,0,1,0
DMCGHRNFRKFNEPARIEDHYYNQSKCDRINIYIHIQNHKFLNHINVTLC,0,1,0
DPNRHPNHKDTVIYEDQKKFWHYFYPRTYTIQHDNIRGPDNGDPWDKKLT,0,1,0
YSQQNDCDHDSDDRHQHQFADECARHDWAPYDREGQTVHWWVLVAACSVV,0,1,0
VMNMYQAQHAFMEFHRLGFTGSYELLFDLVVEKSNIMAKPPEMYHLNKIK,0,1,0
CTVSECPIRIWVQWDRQIQPVRRLMRHLIRQDFRCKETQAGNMFTKWKQE,0,1,0
RESSQTDNSRKSQIMRYYMCMKRQDQRGMMQETPSNDKFKDQPSDTPNMY,0,1,0
SKYYDMATKMIIHFMSIEAFTLQDDNQKTKMVTMQLERVFAPKAGVSITT,0,1,0
RLFKPRGYYCRVRKAFFHPASSPTSLTFPAIQNIIYGFARREYSNDLHWQ,0,1,0
IKWPYDRRCRKSCCFIKECNDTDMNEGAYDINIFVKLTLDNITVFKTGLE,0,1,0
ETNIALRAFPDTPCYRFGATLFGRAKDDWNYRTQYNLAKQDDMAGGWGAT,0,1,0
VDNNTGKGISPRGQEKCPNPGPSKCPNSCSVIPFLWFMGYVILRFYHIYK,0,1,0
IGIRWVGGMIGFGEKVTVGLGEVSFAEIFEIDPGLNMDMEMYCDFICECE,0,1,0
MNPNEDNWNWSQLKFYNYSESLYSQFFSQYPLYFFFPPTCHIRYTDAARK,0,0,0
KSTVLQQVTIQQIMENCDYYTNHPPVEHISVQFDAHDQTGRYYHFPQVDN,0,1,0
NRMDWTYDSRGANMVAVYMPHIQSSSATCMINKEGPILSPGQHCIVHTIK,0,1,0
NDRYSVRTCAEHEIMNGRNCAVAIQADADSVFCGQQSIYEFHVHDHKTSG,0,1,0
ENQDCDGFKKLVQHMTNTIIVAILKKLFDKNNYHIFFYALLLCVFCMREC,0,1,0
RDNQYVWHVKRWMALLSMVAWRARWYSRQTVCPEDAENFGKQWKDRIIFP,0,1,0
NEGDCPVYATYYGSWDINSLIWYKWSRITRYLYWDFHGRAWKNNSDLDQR,0,1,0
ESFSQGPQQGHISWNLVEIEQQIAQVSYHKDSSKQAPRTHHYVAPSHAPA,0,1,0
ATGDKLKVQISFDLNIGDYYEVYNLVRDSYMVTVMNRFHYCYLEVQQGKY,0,1,0
AFDPRLPGPHQKFRWTPPNQAFDTRCETFLEDFYHGQQVPGNKDIETFHS,0,1,0
DGGGACDELPEVIIIENVMQDNHPHEYTHIFQKDKDNNRNKQVKREYNRK,0,1,0
NKMTVRIEEEVFIKKKATDYVPWTRVMPRNPIVMDRLWESSEGQNIYTLC,0,1,0
DYPYPLIEGGRINDVGNSFDDERQKSRLLVRPLRFHTIRIRSHTAQEKRL,0,1,0
PLWWMPIHGIFGKSHWRKLRSLHQYHRRHSIEDKSNCSNQDWLGKLRPFM,0,1,0
DYFDNHYYTDKCFENIIVKDYHFMFLHVMECEVFRGGGYKVELFKKIIHV,0,1,0
NTDLYYADWIILELSFTTPALPHMHLPKSYAREAWSAPHCGSAAEHEPHV,0,1,0
DEHRTQNSCIWWYRNQLYACGCAQATQWFPPARPWSCDGFYCTAQRIVWD,0,1,0
PVVVDARQTADAPNHSDQPNIAECATHADVMRARHHEGERLVHVHDYHNR,0,1,0
VSYRYDLVNVWFGFNASQGTVNSITEAWDYDDILAFIRGRWQKVDVRVFR,0,1,0
QGEGGQPMCGQRGLTDHSQFCEVWPCEYQVGWHNVSDDQKQDQVIPLEYV,0,1,0
ERDDGGFYPAMTDEDFSGFLPPPSPLLYGAGNITTTTVSREASYYASAEA,0,1,0
WKEAPNFCCYQATPCNESEYVACCVKDTIYQGRCHGTVKGFWPIEMEKFD,0,1,0
ENRCVLHYYKDQHVALLVRWYINVVVGDQWRKCWDFQRTSIADMYFRELC,0,1,0
KTIRKLRQFAHLFVYYNTNRDRQSAHPWCKKDIPRHPLADYDWVWAFMEW,0,1,0
HYLDERRDTFYRGSYENKGVDDVEWGPMGRVRHIAMHHIHQEARWNLGQP,0,1,0
KTVQGIYWNDSNIFDEKYKSRHIKMFQSRMGNNGPVRYVGERMFASTNGF,0,1,0
AELVIAASDSLQTVTSRETTSTKAMHSRSWSYSWYHTGELYRRTKDYDYL,0,1,0
NNIDVFEGLITSHQTYHPPTYWYHSIDALNMHWIYDQCEQHSEHVECYTR,0,1,0
IFLYWLNQAVRRNKVEVQQYKLCTYHCLIGFLPKDQRYKRPFKCCLIYYK,0,1,0
DNYCVKNCWHANWTWGNGMQRTWRADLDPWMWDIKGTWLWTHDSEVKTGF,0,1,0
SMEEEGWKHINSAADAEFKGWEYPILQEELCWMDDSEYCKCTYWERNISR,0,1,0
DFDINADSVAWKKPHHSTPDFYVNFGPYETKARPVYSRRPMDDHHKCPDC,0,1,0
VPDTKCRMSNDFIALTLHGSSYVGKGWVFAHAQKKQCNARHLLGNEQKLS,0,1,0
ISYLRTNADEILAIYRVEPKNMACHFVRAVRAYDMMMPPIFKGQFDHHQN,0,0,0
NTRIYKKNGTSNTSILTRCPRCKQKSSAPCHKNARDEYDVTDCAYYQWEL,0,1,0
GHEHEKNWDRDGKGKAQQSRELTAIVQLRAMTELQHHAVNEQHYHSGKKV,0,1,0
GATCVRERWHSDYDFDEEIIYSAASYYDSSRMHYPGAARSFTIFVRTGTV,0,1,0
LGIVMSEEIEKEQRYRFIDPNPICEGTLKQTKSDRNQLMMSHLRCVNCKI,0,1,0
EGKRKWWKHPYKCFSSPYYFNGDFLFPPVCFTNDPPEGVGLFIFVRYLKN,0,1,0
LTNNKIRKKNGRIQFSKNDIKRRDGGIMMTAKMYHVIEDFTTQAENHNAC,0,1,0
FRIWDRSGRFWELDSVDYDAAVWLEVKLMTPPTIKMVTGGGDANKFYNVL,0,1,0
GDRWTCHNFQEMDMEFMADFPAEVEVMIVVLDGFIASFATDIEEFEIASS,0,1,0
CDPFWIINGLWITIAVTMYAMVRGRTNRCLFEYNPNINYNREFQTTGVNE,0,1,0
DGAQHYGEEIKEEFIFIYWTHNDGDYWSLYMKTRVVPPWVDWKYTRGDNI,0,1,0
HKKTTPLPLVFTVDPMRRQHNRKNQALFRHQRFPPFVCSTTHCMTMTKKC,0,1,0
HPYRWQDKGPKISRVRNADFKTDALQWKVGIDVMSRQNPFFRHEYQEGGM,0,1,0
DCHNNNIMMMVGNATIPPSTTLGGFVDLDVLDDLNPLDKNPPTIYVLPKN,0,1,0
KKKDPAKKPKEPSRNWRSHWGWPSGITGFFPSTNYSMGKDPSHQYTMEFI,0,1,0
SGKSRRYIYIGEGAAISGDDHLALMGGHVFVRDFIEANAPENREHIFDAA,0,1,0
QLRHINRMGKVRKVAYKPRGIDATYMWHQNDNWDLVCFTRNEWMENLPRD,0,1,0
FCLMFNSLFHALITAMPDCHLFSDARAAPGPLRKNARCTLYRDKDHSAHW,0,1,0
ELEKPKSLCDGKQNAESQDPIDQDASHTQAARQPDQAKVHVRPRVQVNKD,0,1,0
ETDETTVIYDRFEGGKIDLFRYDTVLYFRVTCPASENCSESACECISEKE,0,1,0
KENNRWQCAGQVTKKLRFGNTGALNDKLEWTELKRTSVIELSAIRDRIDC,0,1,0
NGWFGGGIVLISPFAPYYRPRRPWRKKCHVDRFDVLEEKIVQKIQKLNGF,0,1,0
VFATRQCKYPPGFYKCYTFMTMQPQEVNALLYLRQIARNSKKMMIHPRRQ,0,1,0
KWCCGTWMLTLAAIVAWDNEASGSNRKGLGMVFRLNQRTSDCWAKRVSWP,0,1,0
PKHCVAPSQDVPTVHTHMGLLYHYDLERAPSGNGSPRLDTIRFGPLSTYI,0,1,0
PTCICYFSRPIIENNDKTLINKQRFHKGDLKDDRHGMSEYVMYPRITAIN,0,1,0
IVMRTVMWRTRAFKWKPDTKIRWTDINITKAVFCYIDYRSRGMKFLECFE,0,1,0
NHSFLSRGIASLLYFNPAKALRNGMRADALVRERKTTNAVRAELVRRSIC,0,0,0
EDYPRVWDYSFYADQELAMFKAKALSEQKKINSDSDTKSLTGKVSRKEEC,0,1,0
AWQWGFYMQLQDDIFEPMFVISEVIFVLVNIWMTLTGILQSKENFKEIMP,0,1,0
DNKKCDHVRKGDMLWAVIGTYLYLNFGTNFWYDLEWVRHSIAPFSFDWID,0,1,0
THPVGELPDERHFYCPSYQKCASVYGEVCTNGREQGCTGVTCDGWLKPCG,0,1,0
YYRLRFKAEMMYLCVAILGIYILYDNHNKNYKFEYMHISIETLDKRCFET,0,0,0
KKRHCSLPGVMPQMEYISNFMTYQPSSYVIMDLLGKMDEYGGVLMISSSQ,0,1,0
RRLLNVSQLINATSNENMLVKRAFFPVRARKPKLRFWTFKFFFARPCQDD,0,1,0
EFPYVITCRTHDIMQFQAQHHTESDPEMMDNDIHFYQNDSSVTYNYAAPL,0,1,0
RFKTIKKQKVISPTRFYYWNVKMRRGYSLDKRDSEAMLMYAEVKKDLLAI,0,1,0
WNIGFIKFLNYFDLIELKNWRFLPYEEESLRYRCASRLEIGWTRLWGPVR,0,1,0
RCVYKPHYRSQERCRVQVYSLRMIVIAFNFLRNDRFNRERILVNRTIISN,0,0,0
NLCSIPFTVNTRSKASTAERSCFHGHRSNITEGYPQMWMRYIVSKPLFSF,0,1,0
HRQYHQQKHQAIDKMKHVQATKQSCKVTVNQTEDHQMLCMDGLDFLSIKC,0,1,0
DMAMTSNHRPANNGKLWHHADNPEHQHAHNLAEHLGDELSGAEWAQDNVL,0,1,0
EWDYVDDFAEYNPSWCETRVREWWKQVWCVHPIIDSNYNKGYMIEHPYSA,0,1,0
DRWDVMRDAFNLFDEWKVDAVLGFMRASGAIWVTNTKFRSAANIPNDVLH,0,1,0
FCVASPPFPCEIKPGGLLCQKDIYNCENIGPRDLGRCDIVFVPIPCFKGQ,0,1,0
CDNDYLKFPFRRCPFGDHDYHRIYCLWVEDALDPFAPFYYWTPLWVYRQT,0,1,0
DMMDIVMINDNSFKRIQSTCMVYGYMPARGCKLPRPVNHQFRFVAFFDHA,0,1,0
LAQTKLCPQGHLVNPVPEPTHRPVWAQRDPDNGNSGAIYWDWLGPSERKH,0,1,0
GHCHTETTYWRTDKDRSETHFGRAQKASLHVTTNSWPHRRQPPYQKNKPK,0,1,0
HNLASPGWYPTWFHFMQSQWGTPFIPVY,0,1,0
DEAEIEMIMFYNFWVRFFTLWWECCNWGRIGVWKEIERPQYDTHLRFHLT,0,1,0
YFIYTLTTKVVRSARGWHLGNRDWQGEHKTIPWRQAPRLGCTISICAQHK,0,1,0
QEQDHQGLHNEFMLNQVPKHDCSKSFLDARRAGASAKMDVMIILIYQCLR,0,1,0
RNPGAKAWQEYKRGHSHSNPMKPGWYMADAWWGKPRRHFTWAWQAPYGKR,0,1,0
IPTIFCKELGRIMTRPERYHFEMRWYYEFSAESPDKAELINVIAHIKVDQ,0,0,0
TWVKATTCQMWEERDSYKEKHSGYYSSQSHIICNTLNRRKKVLMDTSIPP,0,1,0
NHNTCWIQKQYNCQERYMNNNWQRMFLRGDMNSCQWYNDSTQQQSRRQW,0,1,0
MEMVEIKDMFHKRQWWQCTRWVLTIWLAKRMTPLLHAVFWVTLGSCKMNK,0,0,0
NNHCWPTPMINAGDLRDNHLLQVRPWSARKAMIEADISPTQWKQRARQLR,0,1,0
NSKGNPDTPNIQNNSHVEFNHNNFPSDYDFDAHWNNHNRTDVKDFQYQFG,0,1,0
TGMTHWDSFSGFMYDEILFGWRFTKMGDWNTVFCRHDYHEYFYEAIGMHE,0,1,0
HCFVMIKTKMHLVLEPADISFHYRNLKDWYGLKFLNPCKASLSPEIFCKS,0,1,0
RSNILTYDPNNTFTGMIRICLAILLPWNFAWIRMWGAPRKRHGDEENKMK,0,1,0
PWGHCRQYYRNFHILKWEQWFCKRQWGYREYINEVTAPTYPIENVVDTSF,0,1,0
DEGNRWIKCIYLKCQYKHIELNKHQSCEMRGWETPITEAAGEEIFVGTYI,0,1,0
WLMIMEPPTWITGTPLRFEQVGKEKTKWLIKSLRLHHNEDCEAWERIYRS,0,1,0
DNNERGQRHMPKWPWWLKAYSNGNMVCLATPSRAKNDCVIREFIRRMPHS,0,1,0
KETIWFSNFNMISYVSSRKPRHRHPCDDFCSHQQEKANQQNHAYSTVSMR,0,1,0
ERKEYYRDTHPKGLEIRFYNVISQEQYWNSMFKYRNWNVVDKEWLDMHYF,0,1,0
DERYCDWQHRWYSSSCDNAWKWWDYHSNVCTERKIREDWTQQSLYIMTYH,0,1,0
CIDDKGHKGVTVIERKLELIESQLFRKGHMTAREWHIEKDDRYGPADFHW,0,1,0
CDRHIWGNRCYKLKKKTGYSHTFDYIMDAYSLEQNNHSECKVTVEPMDIY,0,1,0
HETRKWPQKDIAQQQDKKPHRKGAHEHGFVMFTSRNVKHKHARDALTSQN,0,1,0
EDKQLAEVVERHRNVDAIMDWTMNYPERWHADHAKRMRHKWYTPKLWRPT,0,1,0
SRWETRMSETIPMNNAIPEMLGKAKDEKQTYPQICADTYHFCTNDCYCGA,0,1,0
KVEYHDDCYNKAMGAEWRKSEKFNHKIWDQYWWTDGYEFHSGSEPKDFYL,0,1,0
YHFCTHIDETRPTRTCNTGGKVYQTRKISVYPVATKKNLFAANWRTEILE,0,1,0
RKCYLYPTDLFYVTPAEPLRTALAETLQEINRLSSDVFATPRADWENISE,0,1,0
LANDTTQMGYLQFFAWGMREEDRWWPRAFMVKHLNHRGSIASKLQGVVGQ,0,1,0
AAKLLTTTLPQSLLARAELAGGRLPDWLEFGGSEFQKCDPNYKEWFWGRG,0,1,0
KPCFRVTEYGKGRCWDVRCWDCEPSSYKPCDDHPKTFRCIGHKSQDHISL,0,1,0
QVMCVCGAYTENLPGGDDESWEWTTCDMMPSTLYMQFSLDSSDILMMGRA,0,1,0
ENPETTKPLLLLDISCDVGSKPECWEKPGLQSGDLTINTSLIATYHCSFK,0,1,0
NHYLTIKGYWHRLQWMKKGTKVQTSKPCVQDKDYIENMFRYCMKKSSGTF,0,1,0
WEERMVWITREYEFWQAAFDRPLAPPMSTTLWVCFVRADFVHDACRPEAM,0,1,0
KEAARPWNEEMKRLKMTSIFLVMETSQAERASTICADGPWHFDTWLMYPW,0,1,0
NIKMIVTMNMENDINLGGYERDNETGLSCVDKFDDNDSCRMIVEAEMRLE,0,1,0
WPSELRSYPSAYGHATEQPWIWGNDYNWDMDHVYNNQDPEYNLHPPQVPE,0,1,0
AKCSRYFSEKEIWFPMTISACFCYRNNHLKHYGHQCCRKPRRCTEPSHSG,0,1,0
DNDYRWHQANADQQNTQNQMENPMVPSTMDVGMVFMRCPSLRMMPTKKLK,0,1,0
NPPYAIDMPACDVHKDEDYFWIWKVEPHKCGDKPRAIHGWWSCVARDKRV,0,1,0
PKQYFNIYHRFDRYICRWHRMDYVMVRERVWSLAATGVEVMVKYAMDPTR,0,1,0
KNWCKKTNPGLAQWYNSTHQYGIASPTWKRVILLMKQRWGAWGVRMDEDI,0,1,0
QCYRHMLKMMPTKQQMVDECMDDKVKMFAKPQQCCIYDYFIEKQIKDIEP,0,1,0
EQSRCYIFKTYFYHSIFNTTMRPSYYRRNVSGDTRGLHVNQCLKYQWVHS,0,1,0
GEADSISPPNAAAVITGHGMRTMLGMMMARPRHCFVASWTWGRQVYVYRV,0,1,0
NKDHYKSFWKTKHHKKNPIWRDNNFIFPYVVAAGFCFVGCTWNSEHWEDP,0,1,0
NHDDDYKIWAEKHVFVKKGNWSGAVLNQQCITTAAVMMKGYWQSENQQGQ,0,1,0
DHDCVYEYHCRWSSGIPHAVHDIVFYFCDYDAYLHNLKKAAMNMFYRSNE,0,1,0
NYCRRYRYYPTIRKSSGGAKNNCTFEINKQARRWGLLDQNVVFIGSFTPK,0,1,0
KNQDKDYNFIENCFMFMLICGTVVCIKRMSCCRNCPRASWKFWPANGSI,0,1,0
YECDDFFECFHIRDDHCTNPLPTQVELFLEPQGDIDGIRNSQDHCPVFFH,0,1,0
ELHPFCNFDSIKILKKKKTRRCMKLCECQILLHDATAAIYGNFQSQSIID,0,1,0
DNEEKKLYEQNYCEYRHDGNLEYLTRIDSSRWKAKQHQVSHFFNAYVQAA,0,1,0
INKLYECKTEVLELAIQTPDYFPDCGYWVGCQRQIFHSHCKQGFELMNKI,0,1,0
VQQRNLTTMDQPGMYIQFHIVRVLHYPVSLSEDSDTEEAPDDWFYVQPCH,0,1,0
ACYCTKNWAKLSQIGFNIVGLKSVAKWKYIDTCGRFVLFGPYKVKPDFPV,0,1,0
WVCDMSVLFIVDLENATMPPKAKAIRVEFKKKRRTNALDIKDRTVRMQAR,0,1,0
SERYCIDHQMGLHETDQPDDWWHPMKVWWYGRILKDANGNAMENGHAAGP,0,1,0
DHEWYVVYITNRHKQPACGDYCMEVRRDHVSYPYGCFQWMRGFGLNPHWY,0,1,0
NMNSFQPIVDQVTSFTKHVIEKTPPMALTIKMPMPARKRLFTSHWLHTKK,0,1,0
ATKEKQSLSFQQTPDELKPLENVPYMDDGKTANLCPLTIGFCTLFMASIA,0,1,0
TSTLWQWRIFMGEVITREDIFVQNVMGDCNDFYMPLGMWEPMKDWDRFQK,0,1,0
HHQQMERHYIQARIRKSAQIKFYILEPKLVVCHNRVAGYSYISQKWTEPM,0,1,0
AAYGAQQDDANSNETDKDRNVTGTVVRFTIMSPIAVECCCSADGVHWHGQ,0,1,0
YRPSLKPTGHHGFNRRHERDQLNQCIFSPYYSNETCQYPVLNFGSDFSGY,0,1,0
WDYSRFYGDMVNCEGLRCYVHESLHVLMLRDNNQHGCFNPDCFAEMILKG,0,1,0
TDVYYDEQVVMDPGEMVVEMHMAVDDSMEFHRNHSMRPTPHSTNPDLPTG,0,1,0
WYDFINEVEEGRWEIGSYAYDIEVDMAQIFAVVRIRAKHIPAYNNWQHRE,0,0,0
IISLMTRKNRGKNIHFKRIPSGVYFYLSIFSIRISIWNFNVWRWFPVGDK,0,0,0
NKWRYYWDEVSCDIESETCKKVRRWWKYDTFFDVEMLRFPEFDNIRVFQL,0,1,0
EKTEHPPVVSWTFVYYKRYHDKGRAVIKMNCVAYMGICWCYAIYTVPRIA,0,1,0
WYIILWMENVILILKDVSSRYGFKLDFSLICHMARSGRDHVFKIFACKPP,0,1,0
KENKDYSEVRYWMYVSCVMMIACMPLAQLKEPTFEWTGTMFDSCMRKFQG,0,1,0
RRGSSFRNAKTTRRNVFPPLVRENWEAAYTVDTHAMGRCAQIAVHIMEAP,0,1,0
QRGGAESEWHDGSNQRNYDKEMFNGSAGTPKGWQSRWEKDSFTLGHKYV,0,1,0
INFTFFEGTSIPQNDDTMRENFCDDEYYDDWFPVEYTYPAIEEDLLRIIP,0,1,0
CDEWPTAELCYKTQQQVPSDQCCPIDLDVVSLGILLVFTLFCLTQIWMED,0,1,0
KNHCMPTHGEAPETLKAMIQAQRPAMSDSQIQEKMSKMGMVGNGHAQHKF,0,1,0
DTAMKVKNIYYLFLSLGAVCGCCHMYHYHDKKKSPWSNLGKSHYKDLPLI,0,1,0
KLHPYPCNRDTIQPWHSSIDKMRCNWRTGVPYERLWFDISEMKLKNNWML,0,1,0
FWYEDGTVWEEGRDDYDEPREPDQEHATTYLISWVMWNNFCGINQKYKAG,0,1,0
HNSMNGGETVVFDRKICCPPKLVDRFVCARSNKNYRTITAACRALGRHWN,0,1,0
TPAKTTLNPQKYCKKDSVERARWRYLIPLASILMVICTRGQYQRKGQPWR,0,1,0
EGQAVKERTDRKLDNKNQAAFWRAISNSLMDNNYNAFTNFEDANRDGSYR,0,1,0
TAGDCCDTKTNETDSCNTGTTPPDDPEIQQTGVKVPVQYLLEVSVDIMVD,0,1,0
ADVPCCTNIFDPSRQAFKAKDLGLYCKRPAYNFQDCDPLHDARYENARIW,0,1,0
NDLRLYFKQHKLFDPKKQWQTRDWKYDVCKWPQRTIEFFCFSRAPWGFPT,0,1,0
WEDLPADGPSFNKNFWRFWWRIVAPLMWAYKFAEFWNEHPYYFLKSRWNK,0,1,0
NNETHTIFFSVIITYHLSSICNDVLCDDTLEMYVHMQEKRHPAMYVFNRR,0,1,0
ENWRHYTKVRCHWIKNKTRDTRHKIMKFRWTPATYDTHVEPAGYSFGVAL,0,1,0
QALHDRHTQRQRTCDMDCHEPFHDDLIDCICAGKAREQRWLITITLSQNH,0,1,0
SSSTWIGLFRSKLNFHDDDSEIVMDDNHKFDVNLEEKPCTNRPFHKTIYL,0,1,0
REWEAYMFDNIRMSYMIYKLLRWQSIYFRTIRKKTCKEEFWMKFDELKGV,0,1,0
APSVSHACMFTHDTVTIRHPNHENYWVTCKNTNAMKKPVHFRIMHSIANI,0,1,0
NINTHEERLWKDYDERFFIVLSGDLVIRPEGVHMVGEICKPWAAHCHKFK,0,1,0
QNEWGKEHPVTEDSDLIESIEKAECHTFWRPRQDKMLAILILAPMIENDA,0,1,0
KKWYGTPSSYVLRMCTVYNYCRQYNIQDVNVTLAKIFGTAGSKRRWFDTG,0,1,0
EMARVWVTKVAGFVDRCERASKVSQGIPIEICPMVSKFSWFEMRDMVRVC,0,1,0
LAIWLAGRWKSVVTVDVDIGFVPQKNIKYWTERPRDGWRMMDMPRPSVFI,0,1,0
LKSYDIRFGQQETPDMIHENSNQQILHGRAVYYIENSPFLREIKYRQRAH,0,1,0
DFTRFIYFRKSPPNNCHIVCTEYYEEIREVPAKEYHYKQLGTGVYEWRIQ,0,1,0
FPAKEGYPDEHPIFSKAWFTEGCFCHADNWSRTGDFNYVRKRNDFPYVPL,0,1,0
HTWIVNPTRHPTKMQPIVAVNHDLGIMEPHKQDEMMHDQSSFFKISANRS,0,1,0
PEQDVLRTWVEAGNKACYMGQLGEYYNDIFNVGRWKLKYCRWYEHQWHGQ,0,1,0
HDADNKPDIKGSANCHRMLSQHATQFTKPLSATDEKDSSPHAIIMGKWQN,0,1,0
RTAWHVSTYSNDDNDDHTLCISSCVKPWIFHFLYQEAQWMYTKRVIHWLD,0,1,0
EYDCILMKLFYLVLIATMNNDKFNVKRKERGRSVATVTPRRSKKCATSPR,0,1,0
WTAWKPYIPRNKHKRRWRWKKHDKCHTDECFIWLLCFHNSGFELWQGVAD,0,1,0
NCCYIKISNWKLPQCTMQGRYPHYMPLLQADIISRPAREFHKDGMLWDNW,0,1,0
WQCQHRTKCMPHYYRCNPEDGKESRGVAWMCPWTRQAPKYSLQNSKQKSQ,0,1,0
PWDTSDCRPRMIAFCSHQNSITKCRAYKKGEPILKEVIDQKDGGYQGVEW,0,1,0
NEVMDHDKMIKRYEQNDYNYWNNDQEWTPQQRRKSISGCKNEEGICETQF,0,1,0
SRYKWMFFTLENSHDAIGFPSVNQALQACSKQKWLWFKTDEHNKQMVFSY,0,1,0
TEAYQKEKDQEYVGNAYANVKNHEKQLYTAYFFQPNMDHHYSHHLPFIKD,0,1,0
IDLFCKMNDRCCHGILGYTWGNFHWKQRYGWRWSFFRSIRGHFWGHRRRQ,0,1,0
WDHDYYDCNGHNGANRKLRKAIEGDHKGGSFAYILDAYWWGWGIVYPTSQ,0,1,0
FHCMTKWSHWIEKPGDLLHSGESLPNHVNHLIHGIISCKDHNSIDTWSRK,0,1,0
PGTPQGTWNPDRMNTYQWLMSCVIMYTSLGPTCSFLRAWIFEFNSQYRWE,0,1,0
KRKSSERSKQIHSRFMIDRAMNHLYMVGTEINILHQTVSYNNTGQNYEQE,0,1,0
HYWWFWLQKLPVKVIGGKVQNKWTARQASKPTLMRGMKMRQNCFIWPQDP,0,1,0
SNTHERREEVIINDCLVQNIIQHLYHKREGLDKKKHIEHHNLINMQQPDY,0,1,0
VSFDKNTVIQFASFQKGPLTGNADEGQVELRIKTDRVQDALRLIKLIERG,0,1,0
NRMHWADNMRRMNWGQYPHNLKGPQHLPHKINTPPYPSHNPEWPAHLAKQ,0,1,0
DKNQSIYRNNWICNSTVFHFKHWKHYGSCDCRKCHPYFLHYGPRSQPEFQ,0,1,0
HWRNRFWRDCYTFSKVHFLYRVPRRRHHRFNWMKYSTIRYQIQDMEAIQH,0,1,0
KDDFPGGSMPERDIGPELSYQVEEKEVTILFIFLCPGMAFMSNFYELGGS,0,1,0
RENENVDIQYQYDREYRFNPDRNWGKWGYGNVFPQFIRGYNMQFVIFPYH,0,1,0
DRRRHFENTRPCRKENGPGILNLAISKLGLALCRGPAGAERFNLCATCMF,0,1,0
GCIECYMEMCNITYKNNRIYDPRLKDYPKSNKVFNGLCSQVIETKHTKDP,0,1,0
TEESSWRPYIGVVYPPFYIIFNGREQKFMECMDCCLKNNFECYQNLQIHK,0,1,0
KMRHYRPIGLFLDNEGAIMGGLIGFGARCPVYIDRWNCCSLILEGEPPYQ,0,1,0
GATCHGNTGRRLFMMMVVMYPSHFDEQRPQYDEVGPSVDPNSFYMNSQDG,0,1,0
NIYRSAMGNPLSNSCKFRANLHWSHCWTMIDSWQFCVPPFECLRGWMYVG,0,1,0
NEEYLWPVPISYSFVYCKQNLLYGWAVRPMPEERSKLLEISKLIEVKKRD,0,1,0
EVKVRMAKNRQCQRDEIWRQTARRVRETHSGGKTVFPPIGYYLVRAPGQG,0,1,0
NENWTCVDRVAELMPARPEQNNNQPVIKQHNGQPDDYKQLLEKSVRHYKR,0,1,0
DERQFYNDGLWNIKIPHETWQFHMMPCCYFFGQPCDIITRHDHEGLSFTP,0,1,0
FDCCNNTPYIHRDETVSSVVRRLGPARTARLITHYLDEAHDGHFYQIDVT,0,1,0
ENYEEGSKGQSHHCIRIEDSDEPAVPRKKQWETNPRPIVPGNEVWHVMMH,0,1,0
KNLRHELSINPEMKKYMAKHWWGACTPFVDYSEHEIDMPEASQWRTPDDS,0,1,0
SDFETCFFLYCNIPPCLCKLRTGPHIECKPDFIAHKDEFIFYMHSKQECD,0,1,0
QWPNQEVWLLWQMHVWVMLPSVQEGIDCLTWMVCVLPWLETTCLADVHQE,0,1,0
RDNWYRSCFIHGFWIEPYLTELEIRGKSGPSQFADDMERDGRTSKHGLGC,0,1,0
NTTKSPWWILFVVWMCRHRGHVRGFPYKCHRKAEIKTPNYIVWRDTKGDG,0,1,0
TWRSAGFWMKAFMMTGTTEIWLATDKMWDNVMEMVETDNKEVMGDFNVML,0,1,0
NKNHNRIRRQNVDANKDHVIYSSIQREPRFDYDYHMRFTYNYNQSPSLVL,0,1,0
DHWRYKNEHRCTCTIGWEGWAIYPKDTNGQAIAQTTKAIFYTKFLKVIYK,0,1,0
TKQLHYYGDSVALMMTPPIKELQDFSEAMMVICGIECTLCILPGFSKGCG,0,1,0
QKRLLIVSFGTWPDYSAMGMGGCAREGDDLKNHVYVAESCDMAAGRMARC,0,1,0
VGNIIKICDVYLMSIWKKRKGKFIMIDRPELKGPLGWLEKGNKWEKTQDF,0,1,0
QRTRKPTESASPGKSVRVFITEQEICQVDTIDIAFVNVVGCSDLNVPLCG,0,1,0
EGDGYYLYVGTRNNLSEMMSGIIEVSAEQFGDLMGFGYAEEDSVVSDDEW,0,1,0
KTPLDDLAMEKRRSLLTKARPEPYRASGFWNRDSYNQPKNTKYYKPYKSY,0,1,0
EEKQFTINAFWITQVCWVSTNLLAMNTIIQQTFWQKVDLSMIHHKWLWPP,0,1,0
RPFTSGHLRVCGYNRKNFPQKIATRDVCAWCHYYDQHDIFVWKNFVMYVN,0,1,0
ENKDWLSDVIQLLITDCLHKTSDCDELFSSLCFLPLNFHWKRDFSLDMYA,0,1,0
REILLRRLIGMEFGLDMKIVRYTIGMWMPPWKEWEKDINQSFQWATDEIL,0,1,0
RKMKKNMHFQKRYKGCTLHNSYRRYCFKQDNIWVQKQFSRYYQYMMARMC,0,1,0
DEAAIEYKSQRNPQDYDLERYSHPSSKNTWWWFNHYFGPPHLMKYNVVQQ,0,1,0
NWYRCYCWTDKYSEHEPCRLAEWFQWKGAMGLEWSAIMIQDFAEEKERNG,0,1,0
WIMNGKLQRCWQCGAPLVFAPKTANTRQQNRWRFNHEHKKVILWGNAHWD,0,1,0
DNKETAKEEEMMINFLMLSMTMLFVLTSLIPKRVMDKLHLNSSPPPFTSQ,0,1,0
YYHTHRTEYYSDDTTFMNSSVNKSNLNKNRNNSGHDHSGGELSDHTSVSK,0,1,0
LWYQGWLWFEGERWRNKAHYCICFCMSWYDSCSQNKHWYDDTPAWYDRAT,0,1,0
NDRCSYTWIIYDTETSFADTWTRSFRPSAKKITTYVVWRLCSNGGAYWKW,0,1,0
HHMANGMIKSERHKRFKGPQHTGAMSNWVPGQIDIDNYENKMADIMQDSG,0,1,0
ERRCQAFGRLDDMFFERIWGIYRQPKVWTDQPADAFFPWEEYVEGNRNGL,0,1,0
GREKRYVNLEIRLLVMIIKPQVKVKVVRTQHLIKQILVCDHMKVVMLLIN,0,1,0
QHYTHPDLCTAHYPHLWNQDCTECFTESHSHPGHTTLIHCKCIGAQYNGG,0,1,0
PQCLPCTKKTNYIPIGWTDKQRGFKWRVIVNGMEIVPWSVYEVIHSTNFS,0,1,0
CEILIGGTIKWYGWQDYNKVSVCGSKVEHTKWYKWKEHQKYEWYNPYEHQ,0,1,0
NEMDMHGFRFFGYKSMPIPTERFLYALKPGFFGLWPIEPFFGDWLDLSKR,0,1,0
SDDIGRCREMQPEFDTHMYSHLLDFMLEQANAKNPNPYELWPMQAKQENH,0,1,0
KKELYQKLQAAQIKDTEGLFGNRDHNDFLHVSHEKLQFQQMSSTIVKCLQ,0,1,0
RRANCDDLDSNVVRRSYVFHGSWKWNYYVAHITNRYARWKCKEHQSYDDH,0,1,0
VKEVKEFSAVKQFAAVIPVRWAGKWTNFEFFQVDNEKMVYQHYIDGKLAA,0,1,0
DEVVDYWTLYLFIFSVYRTNVWWCNMQLKPKYPSKRRTKLRLHNACLQHA,0,1,0
CWGCWWMAMVVNNWDTFKIRHYGMVAIKPGVEEYLWERYVTKWEQWKSDL,0,1,0
GFCTRWCRFTVYYCKESNLDFVDGCATETDCYESTDLLQSPSFCSDRDFQ,0,1,0
DIYHWMTGRTQGQRIWKSIITKYPIWTQSRGHKEEGRARGPAQHQRAMFE,0,1,0
KPLLISNGPYWQKKYAFKPSHVNKTQWLYWDTYRNQKRNDGYTHLKKPWD,0,1,0
EPECDLGVRGCTPTWINFSSINVELTEALDDPMTKDVWRRGGWKTITRWC,0,1,0
NTKNCNMKRQSVTPCCVSSKNVFIYIRNYIIENTIYCVGSPNEDAVYYEF,0,1,0
KEMTVKLHVLVHRVRIRGIWTAMTEQAVPKYPSLDKYPWYKPKAILDTAV,0,0,0
PTLKRCPPNPMVKWCNVRFFRPAMQVMNIRCVFDAAAVKPKKKCGQAIQV,0,1,0
SDDYGEDNIWADLLNAEKFMEGSASGIAADKMEDRKEVYQHHTNFHSEIE,0,1,0
IDWYHHHLVFNWHRPDPRWASSRIFEAWKAQAPCGHPYFMRFFDIEVTVF,0,1,0
VDEVPASRMTMQMDAYMNSDYLAAMFNDDDFYGCTNNYEIIAGCQDCMYC,0,1,0
ERNHCDGAEKCNASQWWLATFSRNITALIRTGRDWRVVTTCHLHKTENMA,0,1,0
GIVTNNVAERTMPEFSILSYCMDRVGPPMTMVHMAFQLGKGWIYHFAQAE,0,1,0
FWGDFYFGNDDCHFGKIWRCVAAFTVEFNNRGGKIDVDDEYKKSRGDNY,0,1,0
NQQEPDREGDVWPGEPVLWQLVCFANCDLSWKVNHSYSWNKQDSIMHAHK,0,1,0
QAVQLEVQVTDTETISEFTEYKRTLKKRKRKIDVILNAQQKVTDIPVFQS,0,1,0
GAREVDCESRYWDHCPYYFNNYGCMYRDVLFSFIMRAIICFALYWILRQV,0,1,0
GELVGTTLRWHWSQGVKHQSRASCSRMKLWVLVYCDVDEQRNPWEYDCAQ,0,1,0
NHSMGSYREMEHRHIYGGYNTLRKIILFSLKINQTKCRTGSQTICQEHFR,0,1,0
NKDWGCRPRDWMCHGWGEGTCNDDHPWLFFDGIRVECAIYRPCGTTQYFR,0,1,0
DHEQSGVEFSYGMIFRAVRLTKDDFMLAWRHVNIKPMTQSTCKAKCPTTI,0,1,0
TERADHPSSRSEEKRYYYHRPTASVDHDPDIPILEDASDDIGGPIILQQP,0,1,0
DYTFSNPEWNCACGDRGTFDWANEWRFWKNLRLCWYGRIQDWMDIKGILI,0,1,0
YYNYDWHESYEPQVPYHYYWWPGSDENVHASMHNPTSHAGGWEKNEPTEI,0,1,0
YIMPTMPCWHWRGDPLWNSAGELGLSAFDITDDIEDLEEQDSTTAINPTF,0,1,0
RHWYEDSNDERFDRHDGDAFAHGDFYGQHKCPSKRGWCSGTYPVAFVMLT,0,1,0
VITSRIMTTSMSKPFNGLMNYAWPICFVELEPDKQGAYKFRKICLYTPLD,0,1,0
GRLCYKHLAHTTSSYPFVTYRGAHFVGDHWYHCHDQQYQHRLWRRDNNDN,0,1,0
FSEGSTDECPWSARLRETDQWPWSQLFDGPCHDWWEDMSNRAQSMCGFTF,0,1,0
RSHKSESDNRSMSKKHCLYGGDLHVGDIRMMSGGNWIPMTMDSTIWKRHQ,0,1,0
TYASISESNGTANQSPLTRASTMNHYMGPEWRIKHHYVEGLPKCNTKLED,0,1,0
KEYDPGWPEVCYIFHYDSLGAGYAYRCYENHRGPQCFYASAYERFEMGHR,0,1,0
IYFMVNEMQDEHQTWEVNYVHRRQKTWCPANYLMREVKFVLAQKRMQMMF,0,1,0
TEGLEKDAGNWSSWCYCFTPLSRVARTPENMKRQKQRWTKRPNGVGTKRW,0,1,0
NRTYCSICVSVWGPVIRIEDVSLEVAALISTISLDGMELRGLKFERLLPS,0,1,0
KNMHCWRTGKKDSHSPPIKRSKNNSACAMCYFPVWVYREYAFVYTWCVHM,0,1,0
RSLTDLRSIAVQCVENSLNDTAIIDMQMEMMNLPQIITKSTFPPRGLNSG,0,1,0
HSRGCRTMQTAAKMGSLNWHQCSHIFPHRQKFTYRPKTKCSIKIPPEVYQ,0,1,0
DNWRDRYYESRPRHYIGGDFTAVSRLPSLPFNFMSKILEKTLISDRMKE,0,1,0
SWPWPVCCWRKYWPWCHCYPFSTIPEGDQCKWSGPKHKEHGKKCTKAMWN,0,1,0
PCETWSVNVPGNPTCPTLLESNLQVYIIILETYTYPDFIQNDTVVVNFFM,0,1,0
TLQEQKHLKWPWDMTCTRQWTDNPMWWYMNWMATQQDAQWQGDRADTDNA,0,1,0
KVMDVAQRTAMLSPSAVNIQTVFSSMKEPDCVMETPACKKGVHVDKQPIP,0,1,0
EIAQPVKMGKMYQDRVHAKTDGTHRALYSPEPRWYHWIDKDKWWLIQINS,0,1,0
ERGGIESGIYVFGVDFYISPRMDDDSGANFYAGRRSNDDGDNDLWPRPVS,0,1,0
TFWQWPVTFYPPPPFWCWVRALKIGFRKVPCKVSRACHRWSTNKENFAIN,0,1,0
MPDGEEVFREPEEDYSMEEEGFQELTGYYNPLAKDNTKEEYPCCDAYTSN,0,1,0
IMNDLIEKRDYHPWRNSNRHPGWKYWLSKEWKIRNNNFKCFGVPLWTLSE,0,1,0
QHSENSNEHNEHSEYRERLLQKGEHRKHEKWITKQLKRTNGDRQGNTTFA,0,1,0
FTRKISYCTYVNKPFNKGDDKYPKLPSPHMTADDKDKDVSPLYTKFDFNW,0,1,0
QNCTRRQIVTPEVDIIFIMSLPGMCRTCWEYNYSTPMYCCCAISTGNMCP,0,1,0
DEEGSDEIVHTGIGDGSESFHFSRDHSSTPGFKDILRPKPATSNESSESG,0,1,0
RHCQFLARHPRSLVPWSGNGNYGQDVLDYFIRYSCHVGCKRERELTMISG,0,1,0
KWHSNRTWYNQEIYSERNHWFTQQKYTSWDTIKRTDQWEHLNKLRYDVDL,0,1,0
EQACHHFNIKNPWWRDSQKLQKNLKGYIDRWFDPNSPYTAYIVISAVKAR,0,1,0
DWHWKWSSTGTSRVKAKGKRVESECGERAVASDWSIWNKQVPMVKKKFFA,0,1,0
PPKQAEAQRDFQQIMQGFTPQTNIHHRTNIDRRYHFPQKFVKYLCVFPLV,0,1,0
VNPVQERAQFPQLQYQRLNKSPNIVTDCHDDPDVTGRDCNIHKYFDTHCA,0,1,0
KKNGKSWNHWDTEFEVKGLDKHMTLGAHYMNTRVPRRNFVILKTELGANG,0,1,0
TKFCCHRNHYGECDCGHRYFQGRKGPETYPLRKSEKIVLIDTRTIYHSLT,0,1,0
NKKGSNIHYNWKLYPNSDYGMVDEDIYVHNEATKMTKVWHCWAAARRRQK,0,1,0
DDYYPQQLRQKLNDQGRDRNVDSMTDTDILFSSAFDKSLMMEDNSAVYFV,0,1,0
HLQFRSYSAARSHARYLIKSWIQRVIMRLETFWMWPGMVHYDKGMLPEEL,0,1,0
IDIIVFNEEVALMTSFIMADSYPMNVELDFPLAMSLCVALVNAGNAQKVQ,0,0,0
QDKYSFGPASVLEFARPLTLPPMESNSVDPRKVCAVHSQMITIVMEVTRQ,0,1,0
HPKELYIIQAIEGIRLAVVDGRHWFPWEVKSFCAFVAFVIRAGHFAGDKS,0,1,0
AVEDTPNDSREMVIPPGICYTCRLDVCYMEYVRRCICQQKQSRLDYGDMF,0,1,0
GEEWDYRGDWQNQWLYEDNVYVRVYEAMDWDEGEGDVFGATDIYVKTPCY,0,1,0
RENRWAQLTQCQELPIAQDCEPVGIWCKDAMSPVARILMPDQLPRFAWCS,0,1,0
HQKTKCWWAAPGSDRRVTVGANQTSKPEIGIETQKIKITCHWDIWGRMMC,0,1,0
MRIWMGLCGKISMLVTLFMMKIMWNRFPLFNVRNPDSDNEKFDMQNFMIS,0,0,0
HCQEKFTPLAVKSLEINLAQSNSSDWQWTEMRSQGMRYVPIKGHDVSAPQ,0,1,0
KPPLVIKIIVPDIGCSINEETFPNSYNSGLEGMCPNSHPQWYAENNNVKT,0,1,0
SAKWMKHSNKYRGNKSEHMWFRPNLVLPWNHSIVFTCQRLLYTDKTSWRK,0,1,0
EKAATRGKKATLPAVHTRPDHNHLGCPEKVAEHKQRFHAVTLQMIDVMCR,0,1,0
KNDWWQYKELHRGDKIETIHQGRRHQDEHLHRFKKGQWHESTYDFDIGQN,0,1,0
MRQFWDYISQRYWRYQHNDGPHRKKPKRKRPGFHTGQGWWFKDMMFMAAC,0,0,0
LRRDWFDWERGFWIYCLEPMIRLNKDICFWFNGIWFTWQPIDFKGYVHAG,0,1,0
NDRNHCEQEELLQEVRDWRVMIGRDWVIGHRWMDAEPDCYHRKKYFWHRS,0,1,0
KEWTRCQQCCRSFFDWCHKTCANFMPCTWMRTCTGFSDEVRPVGMFWWFF,0,1,0
NRIPLSRFRFIPYYCRSMYRLNYKMDCVRTRYKCMSGYFFNDPEWFEDVE,0,1,0
MKKFHQWQFQGLRGRLSACSAIEAGVRRFFSRLHKFIAVDFFQEFPAQME,0,0,0
LNLMMKVVSPMKRNMAFPVRNGAKSITLRIETLFIKKMMGVDVCPAIFTS,0,1,0
IWNFYYTDICYDYENYIIGILEFITEYILINTVKMKDNSFDDGCKDTGEA,0,1,0
PKNLGKEVKPHKFAQNFVGAPGNTKPRWMSMYFMKWFGHISADMNGLKRA,0,1,0
DREGEQRYDNGKEIRKFGDTVKRRTQDHHQEWKNTVYGVGGHQNGRGSIT,0,1,0
NVTYKWKFPCRGHVNWGRHDTKNRIMGQVFCELAHYVLVYRWEQKYRFSW,0,1,0
WCHPDKQKWWACDWFSHCRQRTGSVVAVIAPIGVYSTWYEYSKRWRWVQP,0,1,0
SEQYDGTWGIASKDGYSDLTYLTNCYFHPSWISMDGVDHTETMNYCKCHK,0,1,0
EGSMYGSSWGLYHSSCDVTIPDPCPGRPVELRRCLGPCVRFITEERNDEL,0,1,0
EEVIIFHKVTERSQGRCCVYSTPWKAAEQREWAMGRRWPDHHPHFLHHII,0,1,0
NRMWHRRPEYYFDIRHNPEVLCRLCMVTMTVGRCYPSVHVQHVVSIKMNR,0,1,0
HDEKTLMVLRINYMAPMYPVLMATQTAFYSGPCACGDGFFYNEAYLLISP,0,1,0
VWTPSPFIMDFENEYWLAFQMKDAGYFMWIRSKTYSRPPYQQLTYRYNSN,0,1,0
WRRYGEDRDYWGNRKEDGPNNCFIYVPKHGETNGHHPHARHDWHDQEGWN,0,1,0
FRMKDVEPPKWEGFRHQMNSTYTSYMKMATYCYDRFWTVMQETTDNGEII,0,1,0
KRLRDNTETFHHVMKIQDPYATGFTNMYATYANSPHAFYLHLSEHQSNVV,0,1,0
VALLLAATMVLWDQPHEGKDPDAAMHYTAIMEKFPRVMYVSDAKPEHDCD,0,1,0
ANHKHDTVGIYDWDPEIAQHSQFYPRKNSVHVAWRPANCDGNITVFDAVA,0,1,0
EVPYMKEPCPMETIAYIEDKHMQYIGLHRQEQARQNVQRSPSATRPAANL,0,1,0
NLMYVVNWTDTKRYYNPHSRWRIWKKSHTFPSCTFPIKCWFRSDGKPNGK,0,1,0
FYTEIFDSPAYLNESEIFVLQQKNRRCPNEKKPRKHFNLDYYPNRKSHPQ,0,1,0
CNKNDGGEKCRYFGFTLCSMEKGCGDYCLRTYKDFYISWEFGLRWVRGHR,0,1,0
EPVIRTKFVRKTVEIFVLRCKPRRWYGDSHHDPASAQQFVLIGEPAVPIY,0,1,0
PTEGAEWHHYEKDTLSITIESNKNKHWWGRTKVWAWDKVYKWVTVKHVDS,0,1,0
DNKSNNNENRIQNEPYFPMNWNFPIFWQSIIEGNHKINPDVNNSTGQKNN,0,1,0
TSLQSINSLDEQRLCSRRTWMEPETESKHYDYWYCMVCHHSFAEETCRHW,0,1,0
DEMAEDASKNLHYTPVFRKIVSILTQAVDSLMRALRRDYSKEMSGGMMMK,0,1,0
WRQIFGLSGNWTWAKLSDGYWIVLWEDYKRIRKPDYMLKNAVVFWFDSFS,0,1,0
AERARCAAELGWGQKGAEEWRHWYVDRSFCNTPCRGAQLGLFEVAKWWWF,0,1,0
NKDNRTINQCRWENICLCGQGPEYETDRWHRWKLIFVWLFLHHMIYGRKM,0,1,0
WIDELDLIKSDKIIWLVITPLTIHVKTEMRFLGEMDFFNFEPYVQRCVCY,0,1,0
NTRCVYQGDEMQNKYQNDIQHNNVMGNYQQMLHEARPDGRMQEWRMMGIQ,0,1,0
NLRPYRWKPINRVFLWMRLLSMWSNHQWEAMTCNRGGLHVADRNVLYEMP,0,1,0
NTICYINSAVENMYNNCRLWKRSFCEAYDESMSFYYHYTDHVGYNMICPH,0,1,0
PLPGPWRFSRFDYWRNITYDNNHIYNENLNFPPEERRQEFKGEVYQWYQT,0,1,0
KVTEQQFEKISLGDKNQRRWWNQSLATESRHESQGQVKYRPRKCEAGHSK,0,1,0
DSPMFHESPTSDGICKVFGLCARCLIEKTDPIFQFSQIYRNAKIFRSYIS,0,1,0
RKEEVCEKIDKMCNNKVLMISATLCNFVVNYTKALPHQSEGGGTHCGGRW,0,1,0
NRKCPCGYRHKCNWTLQNRTVSSSQHTSMLVESPDCKYSNIRAKVEQAGT,0,1,0
YRDHNDGEKIMCTAPAKASPDNSAADFNKTYASADGGLNRQVVSGDHRAE,0,1,0
RDGKDSYRGGRCVKYFGKGMGDGKGLECLIVWLMMFTGWGAASLAIEWQS,0,1,0
HGNCNPKEPGPDCVQMYLALLMVIVTCPVWKLLFSMEMVCLIIIKFLKLA,0,1,0
MMTDYNLTKVEPDVPDYSMPGWKAMAQEDIQIMTALIAMQNQQKDRYYPI,0,0,0
DYTLKKHICDSLNRESSQHMLRRHHAPLADNCPDVELQQIFCNCYPKELP,0,1,0
PDAQMVMKTVALMLPMTHLGYMIKIIPWSTQVKRRLEHSNYFVKQAVARK,0,1,0
WYYHDYDENYIIVTFSVMLLLCVMMFWLLKNNWRKRTNNALEHGMGEDNH,0,1,0
NYWHNYKKKWKPEERPEFETKNRQRRKWEPNQFDGPFSSGFISTYQEKRF,0,1,0
QEIHYFFGETYLVRRFDLRYNQHYTSLSWKILVRWWRRWTLMWRKVASVC,0,1,0
NTMVCITSIGNFDITRQVLSKAILALGIIEMAVKSEAWVIYNTTPFIFLI,0,0,0
SMTQREDREDYFSNLPQQGRWEERNQDYCHHSITTRAVAQDKCHVHQEAI,0,1,0
DHISSRNVYIQTQFVENLCRRNFPKDLLKYSHYFFCFVWLFQNRHVKYDS,0,1,0
DETRHSNRFMHGYDDCKRKPLSGILQDVQGDADRMFWESDFRGYMFRSEI,0,1,0
PNSCNIPTAKCDFDGKKSYCIIDRSNPPAKCTGYSKMDGPITVVNSYGNF,0,1,0
NSCFPCRDKHVGCRGWMKVRELTMVIGPPPFDIPWCGVKTDIGDESGDST,0,1,0
NMRYTVGCRAYVRMWKLRGWVIDHTTRNLRLMGIPPEHGLHADRLFSSYS,0,1,0
DYYYLEESRVDLFDFRGIYNLPELLRFVEPAIDREYLDVRKFFYIESGAT,0,0,0
WYEVTKRGPCLLPCTPLFPRKASIYVADPAKWDGLRFASYQKTVHTRDAL,0,1,0
KALWRILAERRILRVIMSAYQQGDFGSYLEVRYDERYNQGGIPGYVGRSA,0,0,0
HQGKDWIIFQAEFQKTPVSILRHPKRCTEMCRYIISLMILCDQSKSTLNG,0,1,0
SNSGFCDDDEPFYEPLPPAPVFPRFATIFLVLSCVQLPSSSTREELADTE,0,1,0
YVWDTDTIWWDEFCTCLNTVKCFREVESEFVVGHWHCMIDCNLVPQDPGH,0,1,0
DWEHEQRDTDKDKIQYRYYPTEMVRDHYLYRECGHCKWKWFEPIIEVIWG,0,1,0
EKKGQKMEASRWNATTLIMEKFQHCPRCKSVWPGLVREGQTIGHAVQNDR,0,1,0
HKYIKMGDTWHYNGNECGVMFGLLMAPFTMILPPKSDTINPI,0,1,0
RGRIFAVSKRLCVDITAMPCPAETFLDYKFYITFGRKWVDNKLDPNQPYQ,0,1,0
TGLVQRYTKAAVSYNNMKSRFKYWDVIQETSNQDSIWMWNFLLRVVGRGQ,0,1,0
MNMRISKYNFHTRDAYKCCNHRRQNVESSPAYNSVSPHLFNTNVERDTKA,0,1,0
DHQYRNHEDKKTWIIPWFYQFSWMRRIMFHHGRFEIDYWIGEKCIRLFTE,0,1,0
QNYSRPQVETVCGWVQTERYQFACTTEIERDQAPDPTQTAPRTYLCARMN,0,1,0
IKRIINVKRFWDYGWYDYPLSGTDCKDIPVGVKCQIVSHVRFPGRGKGQ,0,1,0
HKWRCWYKPPNCHLLTLIFMFVAGPQGGRGFGFRHRFHFSLIHDAKQYAE,0,1,0
MMGGMMGSTYSSLCKRRTPAVQFIVPTKQVKVCEYVESKNPGLMYTNGTE,0,1,0
ELKKRHPADPEKEYYMLLAKVMTKRMTVNAMKGSELFKNGGKFPNWIPQE,0,1,0
LKSLCCESWGRGEYAWEERVGTIADLVCRWTTEYEKNARIEMFTERKMHL,0,1,0
KVDESFKKLHTTDERHNCEGIIGGHAHQHGYCWNEPREDWQNSVCVDYLA,0,1,0
KRSHKKLNWFYHIGFTMTWPKRRPEHWRPLPCGPFFFFPWVDINRAEMCC,0,1,0
NHCHYYGWIKCCSHCGWYMKLRCFFIAKRNHCTMRCESLFLDHRSYFMTR,0,1,0
DYRRRLHELCVGHQREALDMQLTFVGSLHHDTAHEIENEEMLNQAQLSHD,0,1,0
QINNNYYDWDDLDHFNCQNRFCFVTIEYPNEGDTSYDSQHWETECRGNMQ,0,1,0
NYHFGDNNKWERNMGSKICKKLLSTIPTMNAQGGHDGRTVAKRTWIWEIF,0,1,0
DSNDKWETNASTHDIAVRRYGDGAVYGREVDEHLTYDMWVNALARHKKKK,0,1,0
NLPLYGCKCTTGRLHTTDNQTDMRAVVQNSSYASTYKAPLTDGPLNLLTT,0,1,0
SALVGYTIYMTDRCWPWWPNDMRRPHFNTREIHDHKFKEDQHPGKIHFLG,0,1,0
PRIFYPFPLPWCNQVSYNNAFKKLCGTRNSFKLPCEINKDQRFFDWRDDI,0,1,0
PSPHKDYQHLVADMMVETGGRRPEQMQFHSKQSYKENYKYPHQFNKEYPF,0,1,0
CNIYRHRCWYFDNWSEDLSTSGVRSSKCRRWWGFETLETINWMDTFLWVE,0,1,0
CGDNCESLFVFFCMSTAVAMFAIMPAWATTKLKCYKMRLFNEASAEIKFK,0,1,0
SEYGTCASTDILADTINQHARRWREHKSNHRQKNGLFWDLGQMEKLANDQ,0,1,0
GGYEEDSCITRHEWNHVAYQTAGAGGDQLHHADPYPHLDPQMMIHGSHDN,0,1,0
SQCYPNSGTSVSQNKQWDIPALPHCTTCTPEYNINNKTDIHHVVGKKVKN,0,1,0
CVMEKHNSHWFICHSHKNHDLYKPATPNEKLPKLHCQFSSTNELYRLLPN,0,1,0
KHNFMVRIFISEYEKIEVEEEDDVIVDETSLYGRRWNCNSCVSEYCTMFL,0,1,0
IPMAKWCNLKGDSHTHDIQEGHDFHYFEQFRKEYHNSNNKGRRPDIFPRW,0,1,0
KEPNSDTGNHMMTNDTMPTNAQSANNGNAPFTQVKTAATSNGAGLTHGNE,0,1,0
LQWPNKMRCWNIGGKKQRCCHKGRSLVRAFNWPGVVHEYQWKAIGEPWHF,0,1,0
LWLFAQIEEVSWLIVLPIWPEFLATSLWDKPIFISMVTWLVCELVLWWVK,0,1,0
TTKTHERKWVCKQYHREDHSVPTNPKIYVWYILGRGIPFSIQWGIWPEWG,0,1,0
PISTQHDFVPMDCCFLGFFCPGFGEQNWETPITPDIAVFPGNNNDDASED,0,1,0
WRQNNFPYGDTLNMVVSMEKDFIHYGNYQMNHTIRPIYDYGTIMNRLPFM,0,1,0
DYDCDKRGPYINFVNTIKYRDTEWRVRNGHKPMNFVFCAPEFYLRGLIDE,0,1,0
TKHQNCNLDRKAKYRYTQGDWHYQTEQMFKFSAEKMGRINGPASQRYSVD,0,1,0
HIGAQQSAAQHERDRPTEHNVMGLNRVGRDVGMKQVMVDALHYFQFHRYD,0,1,0
AAKVCCSRIWDPYCYNIYDFNLVFARKHWIWNGSGKLKRNPFIGVFNWDE,0,1,0
RRGWFMTVIGEVVRVSKSYCEHNHFTKALEKRGPHVKVWHEIIPIPMDFL,0,1,0
THPWGRIFHQVMPQIVQLEYNLVPSDFFCTIKLMDSKDDGHREVPHVFDK,0,1,0
DKYMKYNRCISSDEWLCHIQKQFDLPRFELGEDVPWWKWCPFRKKFQNAV,0,1,0
DPGCNHYLAAFGVRTAAKWSIHPLIVTQKKYSNYYKPYSCVSIVHHPHDN,0,1,0
GKKQRFRINIWGPRNNPWALVNWGFWTKVVVPQFEVDRIVQPEARPAARA,0,1,0
LATPGTESDQDDLSVWSNNTAKIRFKYRMCDWEDIAQFHTDADPLPLDFS,0,1,0
PPTLVGTGPWEQPIPCAFKEALKGINKMRTHIQFCRCRVWSKRFFYEWLE,0,1,0
LRGRSHESKTDNYTDHLIKYGAPRSEQNLSKPTSACYKWAFKVVLDGGTI,0,1,0
DAFRYANAKCDELDYFWNKRKLKWWTFLGLMQNIEWKNRTGPNVFIGWDH,0,1,0
DIERHCGNDFKSAFFKAYVTLQHQSNMIIMSRDEKYDEIRIWRACMFKIQ,0,1,0
IYKFCKCWGRWTIWRNCHTIWDRVNGTKKNMTRLTHFLRATSIIMVNNPN,0,1,0
NNRTHDDGYFKRDGYYPLSLQYLMKHFGRIVIIDPSMLFGRIFKLEDYFI,0,0,0
CRPYCMRKRTHRSFYKNKMGIRTYKMTNAMPSVKYINGATTNLLNYMPDL,0,1,0
IRPLMAENYRWSSTDGSFWRSVWVKQFCSPEGACTRTVTMLRSTNTQTDC,0,1,0
DFFEVVFEIPMIDPIVFESMYVGCNYRDNLCTSREWVDQDFYYIKENSRK,0,1,0
ERSFMKPHWFDRSVALWYRAPASLVLQAKCADSAAMIKPNWARECWEARR,0,1,0
DTNHHYDPEPNAAQRGRWHRDSRRGAVWTEYMCVEVALSLICLPWQLCCS,0,1,0
NMRGWDTNYSTFQANYPERVLPSENGFVHAEYPSRTLFKTEILPYSARSK,0,1,0
HDDRYCDCGDGDDDWGYSFTEDCFPEDCCGLQFTEGTWQVFYLISCMCCE,0,1,0
TATSSGERECDEQGSDRSAAGSARQGGEKLFSSFWERSQKTRPLRNISHY,0,1,0
YHKMKQMEHKVQLGCHNTIGDFSFHHMPPRIQCKQHTFVPAMQAEMRHDF,0,1,0
ILVSKRIVANIAMWNDQHCYLRARCKKSPIGTFIRWAGDKKKRTNILEEC,0,1,0
YHNCNYYDWTKYDEYDDTEWMRFGRGFKYVLEHKKVLGSVFLPIILWFNW,0,1,0
AFGYYEDSGRSALRWMQVVNWAKSNKRKTSESKQLSGPKTIIRELGLGWQ,0,1,0
TGGVAIDLGMLAMRKWKHHERNSGFALGNHQEHKKPLITGQIKDEDFSDS,0,1,0
GKGHTSSSNKMTKGHNKAGLPEQQRWPKVKGHFCVDASNKVPMVYPIRKR,0,1,0
PEFGRWCCEKWAQSKNDFIIDKWPRKFLFFCIGRLAYRAMWVEIIPNDFH,0,1,0
QRTVEDINKEGIGTFGILQEIMKKAGMVPPCDNNSSLKIVLDYDPSAEAI,0,1,0
IFNITAFFIPPQELEKTMGRLRHTKIKRTQYPRHGDTIIGVPRPGGRWWV,0,1,0
WWKFVRFNRWCWRKCYNYWKESNIHWLTQQNGFRHLCTRDRPVQLEPYVP,0,1,0
EVALATFTPTWMDEYICSWHPHCPGDHRGRGKNSRELYFRKHAWTKPWDD,0,1,0
KKNIHFNCHLIRFFFPQCWGKDCLQYWRIWLACWPEIVGGPNSQLYDRHK,0,1,0
EVMTWADKNNSTCEEIGDSSESGRAIFIFDCTNPSKDMPQWDCWPNDDQA,0,1,0
GANGWWKWQHTHTVARTWAKNKAKPMFHLLADYTTKCDQGITNDFALMRA,0,1,0
RSETLFKDPGPIFGEARTILSQTYYRIHSNHIYQQDRYSSLLEQRRDKLR,0,1,0
NTEAMNDCGKVAQNTNGLSRRNRGWSDHVGLPHEMWGHKWKASWRDAWFR,0,1,0
KETPSTWENPAKIQVTDTPGAVTVRFYAPFSRMVLDVAFTQLVNFKKECC,0,1,0
ILQADIDGNFRCNCKDDTSDNPCIRRFDPNGCECDSSYNSDKSAFDDLPR,0,1,0
NSLSIYSAIPNQHCRERFLVAQLSNDLVNFKLRKKQEMIEFEQWAADATN,0,1,0
NNNLTFIEHCIGCVCVFVPFVIWKIIKKQWYYPPPGWQQGRMAQAQEATE,0,1,0
ENSTEGAAITVGEDQDKHCEQVGIQTMIRALKTAEHHYPYGMHTGSSINL,0,1,0
DNQMMMIVIEELCFEDMCYVNTTHAGFAGVRESRENKYNQLPCPAQEHIL,0,1,0
GHGRWKVRTNPEREWPMNFYPRDMYAQMSFGQTNYSSAMTRFEQYSPNVK,0,1,0
NGYVNAHKLPTERCRIILHNDPFRDKDVPSCHGYEAWMTVYRQFHNMDKV,0,1,0
KSWIEKLWIRKLCISFFWDRDFWSITRIGQWCRDWLHWDWIDSVEDWNCR,0,1,0
DYCRKCYKKTGKWHYWYHMRRSVDVYWSIRFVPGFPTVNWMSIRTWFKEQ,0,1,0
CNNGKKLAAPKPILVQQFAEVKPVFVVPTLMPGALSEPEKKLGVMEGSFA,0,1,0
SCWDLPCVDNNSSYWQDKFQCFIMETLDKIATDELEEFSLDFVFNAPEVR,0,1,0
YYYCDHSHNYRCCHHSRNNCCGRCYRRPNKMEMWEDEWMNHEHCHSRTTT,0,1,0
SMPTQFRMGTYVWEPIRVMVCRSTGANPAWMTQYCNDYCHTPIQRVQWSF,0,1,0
TAMELFAMGAIETLMADDITMMDNSEVKVDIVPETNYGDCEALPKKGDNW,0,1,0
YNETWCTAIFDNCIWRPPLSVPPRYVYEYRYYCENWLIISFEWLYVNQTL,0,1,0
IIIMFTSMNDRNEYMTPQGEGEKKEHHGHGCTDGCTGSCSGGCGAAQDVI,0,1,0
RPHGWVITEEYLPLARRFCPTCEQIDPKDQEGMPPLLKEAAPQRPFWSQI,0,1,0
LHYLREWGKLFHQIGYWKSGNRDIFDEFQPQDAMRVPGISQTMNETWKDL,0,1,0
GKTYDTHRTEHRIQRTFSNWHHRTKNMCFLVRAAVVATKTAQWASVSQNE,0,1,0
WRFYSSMCSWNPQKFCKWPSNCCECDKFQDSEIYTEILFCPCRDYYYDVS,0,1,0
NRMPYEHQRKSFKQNGMCKCDYLLHKHTLPGDNPLRFKRAVDVEGNLLQE,0,1,0
HGPWRWNRESWYESVWVGRVVFFDFIMMFEMKMNSILNEGRESLQKGMTF,0,1,0
KNNKIQGSYPPIRTCDSFHGFQKRQYTLTIMQMFQNIRCKMEVCFKVNYL,0,1,0
GHNQFLSTVEAPHCCNHHPWCFEDEWDDNNIKDKGHGQYKPWDTAWQWAL,0,1,0
DETPRGEDTCKWIVTCFNGRKHYDIIGCQGYCVCDRKHSWPCNDAVLSGC,0,1,0
HRWYRDKNQRKRRRHFIKWMRWVTKRYFVPMTKMCCRKNEINKKVTCKWL,0,1,0
QWQEQWEDWVFFFQPRETRIHVSFWTTEENQRMRQCIGRVMYQVSSYQMN,0,1,0
MCCNYVMWGYGNRWQIVCKTDFNGVQWLDHYVCLHKWDKLQCDWRRPPMP,0,1,0
TKTDAWPIIDVCAEINSWMQHWNHKKDSKRYNHSKTQFPKERTQFDDYIS,0,1,0
ALSECAFTGPTRCDEVAIKIPQPNLIQDFALQDYEVHGQMGMVKRDPGWW,0,1,0
LNFYERPLPFVRCSAYDHMADTIVVLEMDAFRQGGYKVDPSEGYEEEEPV,0,1,0
DGNISSEMSNSMSRTNPGLQMSLSGSVALGAAEMYIHTDPTANEYDQWRR,0,1,0
IIMFWWCNKKCWYNSKKGLLTKDQAVIDISSPLRCYWAAVICENVTKLNP,0,1,0
EDQNEPKELTRRKGEKKSQAVTANHDGTEGKGRSDKNQTTDYFVDGTAVL,0,1,0
WFLFKLFKLINVWWRHTILYNRMMKKGNRSNWSYGVKHHPFECYPNWVYD,0,1,0
DINFANEQTRPRRRFMVPPPLCPETNNGWPCCNQSAAIQQTEQRQCNTGN,0,1,0
IITNLNELNKQDQIPIRSVILVYMNWRQFGIRFGPWNPGYKDRPGQYQHR,0,1,0
NPCLPYHRRGRTIYSHNKPRSHKPIKLMHWNPIWGWKDNCRFQFHMIEAV,0,1,0
FKNRKYHKSETKLRPDILELVIDDCSYKSANEYWGHPDWDRPKDNNQYES,0,1,0
GKRKQRENREEPLSSKKQKRYCVNYNMIFLDPLLTASQPPDHNINNHSNY,0,1,0
GCCGYPSDEHSFYHNRQNWKHKKYNHSWWNSGLLALVLAVIKTNKLRRKT,0,1,0
FIYMRYCVMKYGKMFHGVMFNCCMSKGFCKSIARKHWRGKNGETGVIYGE,0,1,0
QLSYIMTWRWAHPSIIKMWPKERKIQHGIATSFHSSDTKQYFKVRGSWNF,0,1,0
GMEEGRGNSPADAGVTARNNAFCVKKHVYHKDHCHRWHHQSIDFLWCNAR,0,1,0
RNNNQKDWAPHLTHNLKEPYSCGMEIPYKFDDHQLKKVHYQLLGCPGRRK,0,1,0
FNSFEQREGHRLPEAQWAEGHRSWRSGLACQPWHGLGSDCATADQHHEPF,0,1,0
ATIEAVLHRRHFRGTEREELLPHQNEKWLHNQNKHWLHTGMLHENAPVFQ,0,1,0
AMVWTVWLDWVCNFNCVSLIRFSDTLDEGRDHTRDFWDFDYLGRDVRRRL,0,1,0
PSPMWIFGSEPYTFYQPNVQQTVMVPENIININSEYYTQIYVQPIISAQD,0,1,0
WILAMTDPRCCVDAMTYCSGWKPDFNLRKGKTRFTDKQQLEEQTARNDWD,0,1,0
SNDEWSDLNGTADPPRKHSDEDMYAGLMRLQTQKVDGSDGNTKDDNKTCS,0,1,0
DHTHPDHVWYCPEGNPKTLWERRWWFCAILATGHRRNINEQKCNWIKGIS,0,1,0
ITGKNRPYLKTWHYRDCFELELVVRNIPQRVEFKVYAVPLPKFYGRGKGL,0,1,0
EKRYTKRPAYCLKMKMGCCTCSMKRVMIKDRQNTFNFLAHYPLQIEHLAD,0,1,0
KYCNINMDFFPRIMMWTIFWCPCRFHREVYQRDEMVTYTYQCQHCIKDQN,0,1,0
TRRPYWSDRPICFYRHGYWEDRFFIHYFRQNCFWSENTRPVGGPYRLRWL,0,1,0
DEEGWRTFNWWVIDWEKDMFYYLPAIWKIWSYRGWQMLMMAKRHGFDLDN,0,1,0
HPSWRYQHYPMQTTMQMRHFWFDCVHGNNSYAGDKRIAIMKEETQRVQGA,0,1,0
YRGMFRTTPYPHPLGVPFFWSPYIRDIMRHAGKRSKTYRIICNVADRRPG,0,0,0
IGEVVMVVKKIKKINLHWCECWWIFVSNGKNKGRYHSSNEEQYRYIVYVD,0,1,0
AMESWKVALKKRSKDLSLCQLKKFYGGRTCENGEAHLVCLLQTYKYCKQP,0,1,0
AAEPRMIPSQTCRLRKILSPSPSRTMITMRLYMPLCGDVEPYAIAIFPWD,0,1,0
DRGLEHWTCSIADMEWANSGRFVKPKTMDAKYNTGVIFIRWHKHYRSNPK,0,1,0
SDDNNDISKLWRPAPKKTGRSDYKIIRADGAPVPVSYNSGWRSWRWGKLY,0,1,0
AVEDMPVFTFPYISQPCTDIAKNMDQSTQATMEAMLKDGFTVGMESDDFG,0,1,0
PLGFLVNDTIALQIIFLIEFSRNLNLLILGYIYDREDDPQTISFAPVEMM,0,0,0
WNQVRWMFTHWFCYRSHWMWGWMDRKHKRYKKDWHYGFHGEWFPHNRVSI,0,1,0
QLHQEGYHNELDKGFIGEKFDDVDHKKNGDRFYTHFVHSIDTSLDLPYGE,0,1,0
SHTMVEQHRPCGLLDRFQYMAPCGVNMEFVGMYEIGDTPHASPRMDQACE,0,1,0
PISVGITNPKSTCHLHCKDKECTTYRKVMKGHDKMAGTYKGKQCKWFDCT,0,1,0
IFDGHNDWAIGKHEPLHNNDRTKIHRREMWDFVWLPQSHILHQMQSWCHL,0,1,0
QCVYWDIINIYLMNKICFCHVGDIMKWKEGLLFPMPDMGLQFMLQEKMLK,0,1,0
TYSCSMPDNYLRNDDKKHLCYKCTVMMEENTGDYPRNDHEYHPEIGMMAE,0,1,0
DNQQRGQKTECPPWMCRHKKPTRYPSRHNWKHWGSGRKSGCPIKWSCAHG,0,1,0
QIRCKEEKRMRMESQDCPWHVLQFPQEQREINVRYANRMVSITMDFKGEE,0,1,0
GLMELIRTHNKWHFSLFVEDDKIDFRYYPAKYWTHNCGTGCIRYYKILLV,0,1,0
WNMNVDYFKCDYLNFHFYDILHERFPEWAFIRCSVGKWGVIKHPFEWEAS,0,1,0
RDFDKAKRCWWDDYCSRPIENSSLGSAKAWVAWNLNKMNQMKKSQQANAI,0,1,0
TPAEGMIGPIMDFNVDAGDTASMALYTTSDGFYWYNIDEAGHWEDFYYEI,0,1,0
EQSSHCVQAACPMNKIIISLRDPQQVCMQGSREYCCQNKFDDWTYQETRF,0,1,0
DRFPLREIYSLILMKSHSDWMHVDQMTAGNWMWDGPHHEDYMDISKLCRE,0,1,0
AVAPRHSEQGWDCKGHAREYVLHETPLRNEIAAKGECSWYLKHDTRPLWH,0,1,0
YESDNRQCSWTSAHHRYCKKKHHHKGIFVNFSVKYVYPAVAEKKFCRSHD,0,1,0
CIECCEVDNTLSYSNAINGNSGIAPSTASFYNKYNYNILNLALRIVDPVR,0,1,0
NWRYKFPRTCFQRAVSALGWRKHQIHHEWRLVIPKMDLFKWWGMSIQKWK,0,1,0
DFNNHEVCKKILWIQHRFLDDYDHMQTKRNCRYCFWFMFYLDEPTEVHIQ,0,1,0
KRITSKMFKYKMRDTTRFWQCYGKKTITGGDLYMNTASADRYPGVHQNNE,0,1,0
RIWEMVRMLGSWFCCKKLKGFPRTTFKKTVNPKTEFLPKNEPKSLQEKVP,0,1,0
EDTAGQKVEWQTDICFDSQFPHDTEDYDGMFIDALDEEMIEFSMRNPHFI,0,1,0
MDCYDGTSICRGDSLDGIDCGYENFGINEVNETSWCCHRRPNNRTGAFAW,0,1,0
HHKPKKKFMGLVLPYFIDFDFPEIWENKVLFFQWPEITKEYEKMNSKSRD,0,1,0
NYTQWKKTEKEEVAASEWATGWETVTQLFYMTFLLYIYTYFNWSMWMRQD,0,1,0
NRSGIRCERIEFQPLNNGVASTAVSSSASAILEEMYRMTQIKKYCKYLEK,0,1,0
WMFNNKIRKHFKELIYTGYRESGKVFVPVGTWEFEREGQVPGHVPDRIQS,0,1,0
RIEYVDWPRGRQVPPVYPIEFVKILKSNATDKMGQRGSTWNPLIHVMERK,0,1,0
GLLIAWFVGYAVCKDDWNEDWVHTREQWGNPRHVSRGWRHEWQWCTSRKW,0,1,0
KLKEEDNTVAIVLFIAFVCRIMFYWKYRYKKGDEAAPDAYKMLCRLQACL,0,1,0
CFTGCWILAETKRYSQSGGDNIMVGWTVRDLKRIRSVLKEREFQHCYGNP,0,1,0
DNKRHEASEYEKFSMMKGLTIDVGNRGYHVCNHKDGGCVDHQCFYEPVMC,0,1,0
MRYMNGIEYESVQCWRWYVHRKGQWIKWKGIRYTLQEACPTDETCQVVIH,0,0,0
WSCSLMRCRKQIWRAIHIGNHFIITELFSLKHAQRTSFQGVDKLDYEAAN,0,1,0
DYWGDDDGFCNIDYETSNLYLALKITEEVLVLVPKDTYLDVILNRPNLAS,0,1,0
NFNPIYHNQWNPKLINKGHGSWFLKPSDSWHGEDIPYYEVQHKMRWDIKG,0,1,0
FKCPPYIPTYKSSNKYQTCKSRYQLIKKWQPPWFGWDIYVAKQVWMAAIQ,0,1,0
DTPSICYIKNGNIRVVECEEGCMIPPGVFQEYDGMITQVCQDVIVLTALL,0,1,0
SLETEMSSIENHRWKNTLKEVTRERCCSHVSESPNTQYYKVVSCQDDAPY,0,1,0
ISYGFIAEDFTSAMCLPDDNFSDETWKANCVYFPTCEKFWWLQTRTVCGT,0,1,0
ANSIPNKKFSFWHNFEYKFWWKYVTDGTDYWRYSFRWTGRWTCNGWVRSW,0,1,0
PSICLIKPFTNNFRQIYKRKPIKCLWNNSIFWTTMTDRCEIPAIPNTRRQ,0,1,0
KLLGDSRQWCQNPGVLVPARTFIHIEVEILCRVGGMIDQKAVCFPKTLEC,0,1,0
LDEIARDPKNEVQLMANKRCRNRKPSKMFNDKYSGAFRHKHCRGMIAQDD,0,1,0
DRVDSILCIEAADTEPKTSRTCWGRYKALRKLLKAFIKGAALFLRPAEQD,0,1,0
DNTHNCYMYTHVRTKIDRIRDSIFCSMRDVGYTAPRYRPLGYPILWFKSI,0,1,0
ENKCNFVYYIICVFFFWFVFWTTNHKNLEYVCFNLNHDHKDLYTDKGFLE,0,1,0
KRRILGALWQAITIMERAWVEILSPEPSKRRWCWTRCPCQTREKTDGAHH,0,1,0
KHRYTNDAHSTCYGLAATGTKTIHIPIWEWDSLEFDSTKQVDKRCWLVKQ,0,1,0
DPDPILCSRSALDDGDTGTVWMCEYLQKNYWSKKGWEDFNTMQSWALRTG,0,1,0
QEREVTGVCNRYTNIFFDCMVTDMTSDITLCNTNNNDFFNATIAQLINTA,0,1,0
QYPHYSHLKRKCWLQFQERKWIYCQMCLKQVKKWDAKKFLGKGWCGLMFR,0,1,0
NKEFEWDWERHYKRNHFEFCFDCHGHKWVGTAYTPNQARHCALAGMWCDE,0,1,0
FHMMQIIKLTVYLLSCLCRCNDWNSEVMRYTMQRMKKSAFWRDPMVMSCF,0,1,0
TKHRRETLLIKNVMQLRTRGHYLCLVLHLNYEIYQNHPYNVSFYPITHES,0,1,0
MVDVKVVSEFGPPIKRYTETMNKLHMNDIFQRTHIDNLMQKALMETLFNL,0,0,0
AWNSATPRKQHGTAEDDYWWGARSHEGYCGDFAVPHNWRCRWKRYYKASN,0,1,0
KCTVNNYWLKMYCFYDDVGWEATKNGFIEKKSEDQLTADNKYQQITRVT,0,1,0
DWTTAESMSTERNATPSRHLHRKGRCTNELLSHDILLNFLDGAQEMQVQ,0,1,0
RWLEADTWRNHDNYKYLGHRNKVGYSDHTMLRDYGGTERHPRKENDLTF,0,1,0
AGYYATPTPIEDNIYAVNNNITVYKDSGENSESKNQQHWERCALNVRKM,0,1,0
TLGAAYGDMAETQSPQRFGFPEDRGKKDEKEQDLYANMGYYQALSGGEG,0,1,0
MFDEKKYCMMMKNRHFGVRGRPRRRTAAVPPVLLSSEEIGWGASAVHVG,0,0,0
EVLRLNWQQHRDLNAFWKCWCHRPNFSVWLNTWVLTQILITQQFKDNWY,0,1,0
MPERDKGIHPGYSHAKQDDNGVWNWRAPTVQILHQAFFKLMRGDQATVL,0,0,0
LNGDVTDEAIFKYVLQQSLQRSGEIQCSDLFSRHISHTKHTASQCVVLT,0,1,0
WEIRTRHWSRSWFYSHTWVQPTLSRHSRWKKPSQTDHNPVSGTVLARPM,0,1,0
KEWYKKHYLTTGNLTHDERNLWMNMMWLTEIIEKNENRCDIWEIGDCMV,0,1,0
